Workbook

Sheet 2022-12-02_BAM
A1: Mandatory | L1: Recommended | M1: Mandatory
A2: Recommended | H2: Fixed terminiology/symbols (according to DIN EN ISO 204: 2022) | L2: Mandatory | M2: Recommended
A3: Not mandatory | L3: Not Mandatory | M3: Not mandatory
B4: Category I - DE | C4: Category I - EN | D4: Category II - DE | E4: Category II - EN | F4: Category III - DE | G4: Category III - EN | H4: ITEM DE | I4: ITEM EN | J4: Symbol | K4: Unit | L4: Ranking
A5: =L5 -> Mandatory | B5: Metadaten | C5: Metadata | D5: Versuchsinfo | E5: Test info | F5: Prüfauftrag | G5: Test order | H5: Versuchsdatum | I5: Test date | L5: Mandatory | M5: =L5 -> Mandatory
A6: =L6 -> Mandatory | B6: Metadaten | C6: Metadata | D6: Versuchsinfo | E6: Test info | F6: Prüfauftrag | G6: Test order | H6: Versuchs-ID | I6: Test ID | L6: Mandatory | M6: =L6 -> Mandatory
A7: =L7 -> Recommended | B7: Metadaten | C7: Metadata | D7: Versuchsinfo | E7: Test info | F7: Prüfauftrag | G7: Test order | H7: Projekt | I7: Project | L7: Recommended | M7: =L7 -> Recommended
A8: =L8 -> Recommended | B8: Metadaten | C8: Metadata | D8: Versuchsinfo | E8: Test info | F8: Prüfauftrag | G8: Test order | H8: Bearbeiter | I8: Operator | L8: Recommended | M8: =L8 -> Recommended
A9: =L9 -> Mandatory | B9: Metadaten | C9: Metadata | D9: Versuchsinfo | E9: Test info | F9: Festgelegte Prüfparameter | G9: Specified test parameters | H9: Prüfnorm | I9: Testing Standard | L9: Mandatory | M9: =L9 -> Mandatory
A10: =L10 -> Mandatory | B10: Metadaten | C10: Metadata | D10: Versuchsinfo | E10: Test info | F10: Festgelegte Prüfparameter | G10: Specified test parameters | H10: festgelegte Prüftemperatur | I10: Specified Temperature | J10: T | K10: ℃ | L10: Mandatory | M10: =L10 -> Mandatory
A11: =L11 -> Mandatory | B11: Metadaten | C11: Metadata | D11: Versuchsinfo | E11: Test info | F11: Festgelegte Prüfparameter | G11: Specified test parameters | H11: Prüfspannung | I11: Initial stress | J11: Ro | K11: MPa | L11: Mandatory | M11: =L11 -> Mandatory
A12: =L12 -> Mandatory | B12: Metadaten | C12: Metadata | D12: Versuchsinfo | E12: Test info | F12: Festgelegte Prüfparameter | G12: Specified test parameters | H12: Versuchsart (unterbrochen/nicht unterbrochen) | I12: Test type (interrupted/not interrupted) | L12: Mandatory | M12: =L12 -> Mandatory
A13: =L13 -> Mandatory | B13: Metadaten | C13: Metadata | D13: Versuchsinfo | E13: Test info | F13: Festgelegte Prüfparameter | G13: Specified test parameters | H13: Versuchsende (Zeitvorgabe/Probenbruch) | I13: End of experiment (time limit/test piece break) | L13: Mandatory | M13: =L13 -> Mandatory
A14: =L14 -> Not Mandatory | B14: Metadaten | C14: Metadata | D14: Versuchsinfo | E14: Test info | F14: Festgelegte Prüfparameter | G14: Specified test parameters | H14: Prüfkraft | I14: Test force | K14: kN | L14: Not Mandatory | M14: =L14 -> Not Mandatory
A15: =L15 -> Mandatory | B15: Metadaten | C15: Metadata | D15: geprüfter Werkstoff | E15: Tested material | F15: Werkstoff und Zustand | G15: Material and state | H15: Werkstoffbezeichnung | I15: Material ID | L15: Mandatory | M15: =L15 -> Mandatory
A16: =L16 -> Recommended | B16: Metadaten | C16: Metadata | D16: geprüfter Werkstoff | E16: Tested material | F16: Werkstoff und Zustand | G16: Material and state | H16: Fertigungsverfahren | I16: Manufacturing process | L16: Recommended | M16: =L16 -> Recommended
A17: =L17 -> Recommended | B17: Metadaten | C17: Metadata | D17: geprüfter Werkstoff | E17: Tested material | F17: Werkstoff und Zustand | G17: Material and state | H17: Wärmebehandlung | I17: Heat treatment | L17: Recommended | M17: =L17 -> Recommended
A18: =L18 -> Mandatory | B18: Metadaten | C18: Metadata | D18: geprüfter Werkstoff | E18: Tested material | F18: Werkstoff und Zustand | G18: Material and state | H18: Einkristallorientierung | I18: Single Crystal Orientation | K18: hkl/Theta,Rho | L18: Mandatory | M18: =L18 -> Mandatory
A19: =L19 -> Mandatory | B19: Metadaten | C19: Metadata | D19: geprüfter Werkstoff | E19: Tested material | F19: Probe | G19: Test piece | H19: Probenbezeichnung | I19: Test piece ID | L19: Mandatory | M19: =L19 -> Mandatory
A20: =L20 -> Mandatory | B20: Metadaten | C20: Metadata | D20: geprüfter Werkstoff | E20: Tested material | F20: Probe | G20: Test piece | H20: Probenform | I20: Type of test piece | L20: Mandatory | M20: =L20 -> Mandatory
A21: =L21 -> Recommended | B21: Metadaten | C21: Metadata | D21: geprüfter Werkstoff | E21: Tested material | F21: Probe | G21: Test piece | H21: Probenzeichnung | I21: Test piece technical drawing | L21: Recommended | M21: =L21 -> Recommended
A22: =L22 -> Recommended | B22: Metadaten | C22: Metadata | D22: geprüfter Werkstoff | E22: Tested material | F22: Probe | G22: Test piece | H22: Entnahmestelle der Probe im Rohling | I22: Location of the sample in the blank | L22: Recommended | M22: =L22 -> Recommended
A23: =L23 -> Mandatory | B23: Metadaten | C23: Metadata | D23: Prüf- und Messmittel | E23: Testing and measuring equipment | F23: Prüfmaschine | G23: Testing machine | H23: Prüfmaschinenbezeichnung | I23: Testing machine ID | L23: Mandatory | M23: =L23 -> Mandatory
A24: =L24 -> Not Mandatory | B24: Metadaten | C24: Metadata | D24: Prüf- und Messmittel | E24: Testing and measuring equipment | F24: Prüfmaschine | G24: Testing machine | H24: max. Prüfkraft | I24: max. applied force | K24: kN | L24: Not Mandatory | M24: =L24 -> Not Mandatory
A25: =L25 -> Not Mandatory | B25: Metadaten | C25: Metadata | D25: Prüf- und Messmittel | E25: Testing and measuring equipment | F25: Prüfmaschine | G25: Testing machine | H25: Datenerfassungsgerät | I25: Data acquisition equipment | L25: Not Mandatory | M25: =L25 -> Not Mandatory
A26: =L26 -> Not Mandatory | B26: Metadaten | C26: Metadata | D26: Prüf- und Messmittel | E26: Testing and measuring equipment | F26: Temperatur-Regelung | G26: Temperature control | H26: Regelung über Thermoelementen an Probe/über Ofen | I26: Control via thermocouples on sample/via furnace) | L26: Not Mandatory | M26: =L26 -> Not Mandatory
A27: =L27 -> Recommended | B27: Metadaten | C27: Metadata | D27: Prüf- und Messmittel | E27: Testing and measuring equipment | F27: Temperatur-Regelung | G27: Temperature control | H27: Thermoelemente: Typ | I27: Thermocouple: type | L27: Recommended | M27: =L27 -> Recommended
A28: =L28 -> Recommended | B28: Metadaten | C28: Metadata | D28: Prüf- und Messmittel | E28: Testing and measuring equipment | F28: Temperatur-Regelung | G28: Temperature control | H28: Thermoelemente: Anzahl | I28: Thermocouple: quantity | L28: Recommended | M28: =L28 -> Recommended
A29: =L29 -> Not Mandatory | B29: Metadaten | C29: Metadata | D29: Prüf- und Messmittel | E29: Testing and measuring equipment | F29: Temperatur-Regelung | G29: Temperature control | H29: Messverstärker | I29: Measurement Amplifier | L29: Not Mandatory | M29: =L29 -> Not Mandatory
A30: =L30 -> Mandatory | B30: Metadaten | C30: Metadata | D30: Prüf- und Messmittel | E30: Testing and measuring equipment | F30: Temperatur-Regelung | G30: Temperature control | H30: Gerätnummer-Thermoelement(e) | I30: Equipment ID - thermocouple(s) | L30: Mandatory | M30: =L30 -> Mandatory
A31: =L31 -> Mandatory | B31: Metadaten | C31: Metadata | D31: Prüf- und Messmittel | E31: Testing and measuring equipment | F31: Temperatur-Regelung | G31: Temperature control | H31: Gerätnummer-Messverstärker | I31: Equipment ID - Measurement Amplifier | L31: Mandatory | M31: =L31 -> Mandatory
A32: =L32 -> Recommended | B32: Metadaten | C32: Metadata | D32: Prüf- und Messmittel | E32: Testing and measuring equipment | F32: Dehnungsmessgerät | G32: Extensometer | H32: Dehnungsmessgerät Modellinfo | I32: Extensometer model information | L32: Recommended | M32: =L32 -> Recommended
A33: =L33 -> Mandatory | B33: Metadaten | C33: Metadata | D33: Prüf- und Messmittel | E33: Testing and measuring equipment | F33: Dehnungsmessgerät | G33: Extensometer | H33: Gerätnummer-Dehnungsmessgerät | I33: Equipment ID - Extensometer | L33: Mandatory | M33: =L33 -> Mandatory
A34: =L34 -> Recommended | B34: Metadaten | C34: Metadata | D34: Prüf- und Messmittel | E34: Testing and measuring equipment | F34: Dehnungsmessgerät | G34: Extensometer | H34: Nennmesslänge | I34: Nominal gauge length | L34: Recommended | M34: =L34 -> Recommended
A35: =L35 -> Recommended | B35: Metadaten | C35: Metadata | D35: Prüf- und Messmittel | E35: Testing and measuring equipment | F35: Dehnungsmessgerät | G35: Extensometer | H35: Dehnungsbereich - Obergrenze | I35: Extension range - Upper limit | K35: % | L35: Recommended | M35: =L35 -> Recommended
A36: =L36 -> Recommended | B36: Metadaten | C36: Metadata | D36: Prüf- und Messmittel | E36: Testing and measuring equipment | F36: Dehnungsmessgerät | G36: Extensometer | H36: Dehnungsbereich - Untergrenze | I36: Extension range - Lower limit | K36: % | L36: Recommended | M36: =L36 -> Recommended
A37: =L37 -> Mandatory | B37: Primärdaten | C37: Primary data | D37: Prüfergebnisse | E37: Test results | F37: Zustand zu Versuchsbeginn | G37: State at test start | H37: min. Probendurchmesser bei RT | I37: Min. test piece diameter at room temperature | K37: mm | L37: Mandatory | M37: =L37 -> Mandatory
A38: =L38 -> Mandatory | B38: Primärdaten | C38: Primary data | D38: Prüfergebnisse | E38: Test results | F38: Zustand zu Versuchsbeginn | G38: State at test start | H38: Anfangsmesslänge | I38: Original gauge length | J38: Lo | K38: mm | L38: Mandatory | M38: =L38 -> Mandatory
A39: =L39 -> Mandatory | B39: Primärdaten | C39: Primary data | D39: Prüfergebnisse | E39: Test results | F39: Zustand zu Versuchsbeginn | G39: State at test start | H39: Bezugslänge zur Berechnung der Dehnung | I39: Reference length for calculation of percentage elongations | J39: Lr (Lo) | K39: mm | L39: Mandatory | M39: =L39 -> Mandatory
A40: =L40 -> Mandatory | B40: Primärdaten | C40: Primary data | D40: Prüfergebnisse | E40: Test results | F40: Zustand zu Versuchsbeginn | G40: State at test start | H40: Extensometer-Messlänge | I40: Extensometer gauge length | J40: Le | K40: mm | L40: Mandatory | M40: =L40 -> Mandatory
A41: =L41 -> Mandatory | B41: Primärdaten | C41: Primary data | D41: Prüfergebnisse | E41: Test results | F41: Zustand zu Versuchsbeginn | G41: State at test start | H41: Bezugslänge zur Berechnung von Extensometer-Dehnungen | I41: Reference length for calculation of percentage extensions | J41: Lr (Le) | K41: mm | L41: Mandatory | M41: =L41 -> Mandatory
A42: =L42 -> Mandatory | B42: Primärdaten | C42: Primary data | D42: Prüfergebnisse | E42: Test results | F42: Versuchsablauf | G42: Test sequence | H42: verstrichene Zeit seit Ende der Lastaufbringung | I42: Elapsed time from end of loading | J42: t | K42: h | L42: Mandatory | M42: =L42 -> Mandatory
A43: =L43 -> Not Mandatory | B43: Primärdaten | C43: Primary data | D43: Prüfergebnisse | E43: Test results | F43: Versuchsablauf | G43: Test sequence | H43: Verlängerung (der Extensometer-Messlänge) | I43: Extension | J43: ΔLet | K43: mm | L43: Not Mandatory | M43: =L43 -> Not Mandatory
A44: =L44 -> Not Mandatory | B44: Primärdaten | C44: Primary data | D44: Prüfergebnisse | E44: Test results | F44: Versuchsablauf | G44: Test sequence | H44: Aufheizzeit | I44: Heating time | K44: h | L44: Not Mandatory | M44: =L44 -> Not Mandatory
A45: =L45 -> Not Mandatory | B45: Primärdaten | C45: Primary data | D45: Prüfergebnisse | E45: Test results | F45: Versuchsablauf | G45: Test sequence | H45: Haltezeit | I45: Soak time | K45: h | L45: Not Mandatory | M45: =L45 -> Not Mandatory
A46: =L46 -> Mandatory | B46: Primärdaten | C46: Primary data | D46: Prüfergebnisse | E46: Test results | F46: Versuchsablauf | G46: Test sequence | H46: Versuchsdauer | I46: Test duration | K46: h | L46: Mandatory | M46: =L46 -> Mandatory
A47: =L47 -> Mandatory | B47: Primärdaten | C47: Primary data | D47: Prüfergebnisse | E47: Test results | F47: Zustand nach Versuchsende | G47: State at end of test | H47: Bruchzeit | I47: Creep rupture time | J47: tu | K47: h | L47: Mandatory | M47: =L47 -> Mandatory
A48: =L48 -> Mandatory | B48: Primärdaten | C48: Primary data | D48: Prüfergebnisse | E48: Test results | F48: Zustand nach Versuchsende | G48: State at end of test | H48: Bruchlage (wenn außerhalb der mittleren zwei Drittel der parallelen Länge) | I48: Position of the fracture (when outside of central two thirds of the parallel length) | L48: Mandatory | M48: =L48 -> Mandatory
A49: =L49 -> Not Mandatory | B49: Primärdaten | C49: Primary data | D49: Prüfergebnisse | E49: Test results | F49: Zustand nach Versuchsende | G49: State at end of test | H49: Messlänge nach dem Bruch | I49: Final gauge length after fracture | J49: Lu | K49: mm | L49: Not Mandatory | M49: =L49 -> Not Mandatory
A50: =L50 -> Mandatory | B50: Sekundärdaten | C50: Secondary data | D50: Prüfergebnisse | E50: Test results | F50: Versuchsablauf | G50: Test sequence | H50: berichtigter Temperaturmesswert | I50: Corrected measured temperature | J50: Tc | K50: ℃ | L50: Mandatory | M50: =L50 -> Mandatory
A51: =L51 -> Recommended | B51: Sekundärdaten | C51: Secondary data | D51: Prüfergebnisse | E51: Test results | F51: Versuchsablauf | G51: Test sequence | H51: Belastungsgeschwindigkeit | I51: Loading rate | K51: MPa/s | L51: Recommended | M51: =L51 -> Recommended
A52: =L52 -> Recommended | B52: Sekundärdaten | C52: Secondary data | D52: Prüfergebnisse | E52: Test results | F52: Versuchsablauf | G52: Test sequence | H52: Entlastungsgeschwindigkeit | I52: Unloading rate | K52: MPa/s | L52: Recommended | M52: =L52 -> Recommended
A53: =L53 -> Not Mandatory | B53: Sekundärdaten | C53: Secondary data | D53: Prüfergebnisse | E53: Test results | F53: Versuchsablauf | G53: Test sequence | H53: Aufheizgeschwindigkeit | I53: Heating speed | K53: ℃/s | L53: Not Mandatory | M53: =L53 -> Not Mandatory
A54: =L54 -> Not Mandatory | B54: Sekundärdaten | C54: Secondary data | D54: Prüfergebnisse | E54: Test results | F54: Versuchsablauf | G54: Test sequence | H54: Abkühlgeschwindigkeit | I54: Cooling speed | K54: ℃/s | L54: Not Mandatory | M54: =L54 -> Not Mandatory
A55: =L55 -> Mandatory | B55: Sekundärdaten | C55: Secondary data | D55: Prüfergebnisse | E55: Test results | F55: Verformung und Dehnung | G55: Elongation and extension | H55: Extensometer-Dehnung | I55: Percentage extension | J55: e | K55: % | L55: Mandatory | M55: =L55 -> Mandatory
A56: =L56 -> Not Mandatory | B56: Sekundärdaten | C56: Secondary data | D56: Prüfergebnisse | E56: Test results | F56: Verformung und Dehnung | G56: Elongation and extension | H56: Dehnung | I56: Percentage elongation | J56: A | K56: % | L56: Not Mandatory | M56: =L56 -> Not Mandatory
A57: =L57 -> Not Mandatory | B57: Sekundärdaten | C57: Secondary data | D57: Prüfergebnisse | E57: Test results | F57: Verformung und Dehnung | G57: Elongation and extension | H57: Zeitbruchdehnung | I57: Percentage elongation after creep fracture | J57: Au | K57: % | L57: Not Mandatory | M57: =L57 -> Not Mandatory
A58: =L58 -> Recommended | B58: Sekundärdaten | C58: Secondary data | D58: Prüfergebnisse | E58: Test results | F58: Verformung und Dehnung | G58: Elongation and extension | H58: Gesamte Extensometer-Dehnung | I58: Percentage total extension | J58: et | K58: % | L58: Recommended | M58: =L58 -> Recommended
A59: =L59 -> Not Mandatory | B59: Sekundärdaten | C59: Secondary data | D59: Prüfergebnisse | E59: Test results | F59: Verformung und Dehnung | G59: Elongation and extension | H59: Gesamte Anfangs-Extensometer-Dehnung | I59: Percentage initial total extension | J59: eti | K59: % | L59: Not Mandatory | M59: =L59 -> Not Mandatory
A60: =L60 -> Not Mandatory | B60: Sekundärdaten | C60: Secondary data | D60: Prüfergebnisse | E60: Test results | F60: Verformung und Dehnung | G60: Elongation and extension | H60: Elastische Extensometer-Dehnung | I60: Percentage elastic extension | J60: ee | K60: % | L60: Not Mandatory | M60: =L60 -> Not Mandatory
A61: =L61 -> Recommended | B61: Sekundärdaten | C61: Secondary data | D61: Prüfergebnisse | E61: Test results | F61: Verformung und Dehnung | G61: Elongation and extension | H61: Plastische Anfangs-Extensometer-Dehnung | I61: Percentage initial plastic extension | J61: ei | K61: % | L61: Recommended | M61: =L61 -> Recommended
A62: =L62 -> Recommended | B62: Sekundärdaten | C62: Secondary data | D62: Prüfergebnisse | E62: Test results | F62: Verformung und Dehnung | G62: Elongation and extension | H62: Plastische Extensometer-Dehnung | I62: Percentage plastic extension | J62: ep | K62: % | L62: Recommended | M62: =L62 -> Recommended
A63: =L63 -> Recommended | B63: Sekundärdaten | C63: Secondary data | D63: Prüfergebnisse | E63: Test results | F63: Verformung und Dehnung | G63: Elongation and extension | H63: Extensometer-Kriechdehnung | I63: Percentage creep extension | J63: ef | K63: % | L63: Recommended | M63: =L63 -> Recommended

Sheet 2023-15-05_BAM-RUB
A1: Mandatory | L1: Recommended | M1: Mandatory
A2: Recommended | H2: Fixed terminiology/symbols (according to DIN EN ISO 204: 2022) | L2: Mandatory | M2: Recommended
A3: Not mandatory | L3: Not Mandatory | M3: Not mandatory
B4: Category I - DE | C4: Category I - EN | D4: Category II - DE | E4: Category II - EN | F4: Category III - DE | G4: Category III - EN | H4: ITEM DE | I4: ITEM EN | J4: Symbol | K4: Unit | L4: Ranking
A5: =L5 -> Mandatory | B5: Metadaten | C5: Metadata | D5: Versuchsinfo | E5: Test info | F5: Prüfauftrag | G5: Test order | H5: Versuchsdatum | I5: Test date | L5: Mandatory | M5: =L5 -> Mandatory
A6: =L6 -> Mandatory | B6: Metadaten | C6: Metadata | D6: Versuchsinfo | E6: Test info | F6: Prüfauftrag | G6: Test order | H6: Versuchs-ID | I6: Test ID | L6: Mandatory | M6: =L6 -> Mandatory
A7: =L7 -> Recommended | B7: Metadaten | C7: Metadata | D7: Versuchsinfo | E7: Test info | F7: Prüfauftrag | G7: Test order | H7: Projekt | I7: Project | L7: Recommended | M7: =L7 -> Recommended
A8: =L8 -> Recommended | B8: Metadaten | C8: Metadata | D8: Versuchsinfo | E8: Test info | F8: Prüfauftrag | G8: Test order | H8: Bearbeiter | I8: Operator | L8: Recommended | M8: =L8 -> Recommended
A9: =L9 -> Mandatory | B9: Metadaten | C9: Metadata | D9: Versuchsinfo | E9: Test info | F9: Festgelegte Prüfparameter | G9: Specified test parameters | H9: Prüfnorm | I9: Testing Standard | L9: Mandatory | M9: =L9 -> Mandatory
A10: =L10 -> Mandatory | B10: Metadaten | C10: Metadata | D10: Versuchsinfo | E10: Test info | F10: Festgelegte Prüfparameter | G10: Specified test parameters | H10: festgelegte Prüftemperatur | I10: Specified Temperature | J10: T | K10: ℃ | L10: Mandatory | M10: =L10 -> Mandatory
A11: =L11 -> Mandatory | B11: Metadaten | C11: Metadata | D11: Versuchsinfo | E11: Test info | F11: Festgelegte Prüfparameter | G11: Specified test parameters | H11: Prüfspannung | I11: Initial stress | J11: Ro | K11: MPa | L11: Mandatory | M11: =L11 -> Mandatory
A12: =L12 -> Mandatory | B12: Metadaten | C12: Metadata | D12: Versuchsinfo | E12: Test info | F12: Festgelegte Prüfparameter | G12: Specified test parameters | H12: Versuchsart (unterbrochen/nicht unterbrochen) | I12: Test type (interrupted/not interrupted) | L12: Mandatory | M12: =L12 -> Mandatory
A13: =L13 -> Mandatory | B13: Metadaten | C13: Metadata | D13: Versuchsinfo | E13: Test info | F13: Festgelegte Prüfparameter | G13: Specified test parameters | H13: Versuchsende (Zeitvorgabe/Probenbruch/Dehnungsvorgabe) | I13: End of experiment (time limit/test piece break/extension limit) | L13: Mandatory | M13: =L13 -> Mandatory
A14: =L14 -> Not Mandatory | B14: Metadaten | C14: Metadata | D14: Versuchsinfo | E14: Test info | F14: Festgelegte Prüfparameter | G14: Specified test parameters | H14: Prüfkraft | I14: Test force | K14: kN | L14: Not Mandatory | M14: =L14 -> Not Mandatory
A15: =L15 -> Mandatory | B15: Metadaten | C15: Metadata | D15: geprüfter Werkstoff | E15: Tested material | F15: Werkstoff und Zustand | G15: Material and state | H15: Werkstoffbezeichnung | I15: Material ID | L15: Mandatory | M15: =L15 -> Mandatory
A16: =L16 -> Recommended | B16: Metadaten | C16: Metadata | D16: geprüfter Werkstoff | E16: Tested material | F16: Werkstoff und Zustand | G16: Material and state | H16: Fertigungsverfahren | I16: Manufacturing process | L16: Recommended | M16: =L16 -> Recommended
A17: =L17 -> Recommended | B17: Metadaten | C17: Metadata | D17: geprüfter Werkstoff | E17: Tested material | F17: Werkstoff und Zustand | G17: Material and state | H17: Wärmebehandlung | I17: Heat treatment | L17: Recommended | M17: =L17 -> Recommended
A18: =L18 -> Mandatory | B18: Metadaten | C18: Metadata | D18: geprüfter Werkstoff | E18: Tested material | F18: Werkstoff und Zustand | G18: Material and state | H18: Werkstoffbezeichnung | I18: Material ID | L18: Mandatory | M18: =L18 -> Mandatory
A19: =L19 -> Mandatory | B19: Metadaten | C19: Metadata | D19: geprüfter Werkstoff | E19: Tested material | F19: Werkstoff und Zustand | G19: Material and state | H19: Herstellung: Schmelzen | I19: Manufacturing: Melting | L19: Mandatory | M19: =L19 -> Mandatory
A20: =L20 -> Mandatory | B20: Metadaten | C20: Metadata | D20: geprüfter Werkstoff | E20: Tested material | F20: Werkstoff und Zustand | G20: Material and state | H20: Herstellung: Gießen | I20: Manufacturing: Casting | L20: Mandatory | M20: =L20 -> Mandatory
A21: =L21 -> Mandatory | B21: Metadaten | C21: Metadata | D21: geprüfter Werkstoff | E21: Tested material | F21: Werkstoff und Zustand | G21: Material and state | H21: Herstellung: Umschmelzen | I21: Manufacturing: Remelting | L21: Mandatory | M21: =L21 -> Mandatory
A22: =L22 -> Mandatory | B22: Metadaten | C22: Metadata | D22: geprüfter Werkstoff | E22: Tested material | F22: Werkstoff und Zustand | G22: Material and state | H22: Herstellung: Atmosphäre | I22: Manufacturing: Atmosphere | L22: Mandatory | M22: =L22 -> Mandatory
A23: =L23 -> Mandatory | B23: Metadaten | C23: Metadata | D23: geprüfter Werkstoff | E23: Tested material | F23: Werkstoff und Zustand | G23: Material and state | H23: Herstellung: Ein- oder Polykristall erstarrt | I23: Manufacturing: Single or polycrystal solidified | L23: Mandatory | M23: =L23 -> Mandatory
A24: =L24 -> Mandatory | B24: Metadaten | C24: Metadata | D24: geprüfter Werkstoff | E24: Tested material | F24: Werkstoff und Zustand | G24: Material and state | H24: Herstellung: Thermomechanische Behandlung | I24: Manufacturing: Thermomechanical treatment | L24: Mandatory | M24: =L24 -> Mandatory
A25: =L25 -> Mandatory | B25: Metadaten | C25: Metadata | D25: geprüfter Werkstoff | E25: Tested material | F25: Werkstoff und Zustand | G25: Material and state | H25: Wärmebehandlung: Atmosphäre | I25: Heat treatment: Atmosphere | L25: Mandatory | M25: =L25 -> Mandatory
A26: =L26 -> Mandatory | B26: Metadaten | C26: Metadata | D26: geprüfter Werkstoff | E26: Tested material | F26: Werkstoff und Zustand | G26: Material and state | H26: Wärmebehandlung: Heizrate | I26: Heat treatment: Heating rate | L26: Mandatory | M26: =L26 -> Mandatory
... A54: =L54 -> Mandatory | B54: Metadaten | C54: Metadata | D54: Prüf- und Messmittel | E54: Testing and measuring equipment | F54: Prüfmaschine | G54: Testing machine | H54: Prüfmaschinenbezeichnung | I54: Testing machine ID | L54: Mandatory | M54: =L54 -> Mandatory
A55: =L55 -> Not Mandatory | B55: Metadaten | C55: Metadata | D55: Prüf- und Messmittel | E55: Testing and measuring equipment | F55: Prüfmaschine | G55: Testing machine | H55: max. Prüfkraft | I55: max. applied force | K55: kN | L55: Not Mandatory | M55: =L55 -> Not Mandatory
A56: =L56 -> Not Mandatory | B56: Metadaten | C56: Metadata | D56: Prüf- und Messmittel | E56: Testing and measuring equipment | F56: Prüfmaschine | G56: Testing machine | H56: Datenerfassungsgerät | I56: Data acquisition equipment | L56: Not Mandatory | M56: =L56 -> Not Mandatory
A57: =L57 -> Not Mandatory | B57: Metadaten | C57: Metadata | D57: Prüf- und Messmittel | E57: Testing and measuring equipment | F57: Temperatur-Regelung | G57: Temperature control | H57: Regelung über Thermoelementen an Probe/über Ofen | I57: Control via thermocouples on sample/via furnace) | L57: Not Mandatory | M57: =L57 -> Not Mandatory
A58: =L58 -> Recommended | B58: Metadaten | C58: Metadata | D58: Prüf- und Messmittel | E58: Testing and measuring equipment | F58: Temperatur-Regelung | G58: Temperature control | H58: Thermoelemente: Typ | I58: Thermocouple: type | L58: Recommended | M58: =L58 -> Recommended
A59: =L59 -> Recommended | B59: Metadaten | C59: Metadata | D59: Prüf- und Messmittel | E59: Testing and measuring equipment | F59: Temperatur-Regelung | G59: Temperature control | H59: Thermoelemente: Anzahl | I59: Thermocouple: quantity | L59: Recommended | M59: =L59 -> Recommended
A60: =L60 -> Mandatory | B60: Metadaten | C60: Metadata | D60: Prüf- und Messmittel | E60: Testing and measuring equipment | F60: Temperatur-Regelung | G60: Temperature control | H60: Gerätnummer-Thermoelement(e) | I60: Equipment ID - thermocouple(s) | L60: Mandatory | M60: =L60 -> Mandatory
A61: =L61 -> Not Mandatory | B61: Metadaten | C61: Metadata | D61: Prüf- und Messmittel | E61: Testing and measuring equipment | F61: Temperatur-Regelung | G61: Temperature control | H61: Messverstärker | I61: Measurement Amplifier | L61: Not Mandatory | M61: =L61 -> Not Mandatory
A62: =L62 -> Mandatory | B62: Metadaten | C62: Metadata | D62: Prüf- und Messmittel | E62: Testing and measuring equipment | F62: Temperatur-Regelung | G62: Temperature control | H62: Gerätnummer-Messverstärker | I62: Equipment ID - Measurement Amplifier | L62: Mandatory | M62: =L62 -> Mandatory
A63: =L63 -> Recommended | B63: Metadaten | C63: Metadata | D63: Prüf- und Messmittel | E63: Testing and measuring equipment | F63: Dehnungsmessgerät | G63: Extensometer | H63: Dehnungsmessgerät Modellinfo | I63: Extensometer model information | L63: Recommended | M63: =L63 -> Recommended
A64: =L64 -> Mandatory | B64: Metadaten | C64: Metadata | D64: Prüf- und Messmittel | E64: Testing and measuring equipment | F64: Dehnungsmessgerät | G64: Extensometer | H64: Gerätnummer-Dehnungsmessgerät | I64: Equipment ID - Extensometer | L64: Mandatory | M64: =L64 -> Mandatory
A65: =L65 -> Recommended | B65: Metadaten | C65: Metadata | D65: Prüf- und Messmittel | E65: Testing and measuring equipment | F65: Dehnungsmessgerät | G65: Extensometer | H65: Nennmesslänge | I65: Nominal gauge length | L65: Recommended | M65: =L65 -> Recommended
A66: =L66 -> Recommended | B66: Metadaten | C66: Metadata | D66: Prüf- und Messmittel | E66: Testing and measuring equipment | F66: Dehnungsmessgerät | G66: Extensometer | H66: Dehnungsbereich - Obergrenze | I66: Extension range - Upper limit | K66: % | L66: Recommended | M66: =L66 -> Recommended
A67: =L67 -> Recommended | B67: Metadaten | C67: Metadata | D67: Prüf- und Messmittel | E67: Testing and measuring equipment | F67: Dehnungsmessgerät | G67: Extensometer | H67: Dehnungsbereich - Untergrenze | I67: Extension range - Lower limit | K67: % | L67: Recommended | M67: =L67 -> Recommended
A68: =L68 -> Mandatory | B68: Primärdaten | C68: Primary data | D68: Prüfergebnisse | E68: Test results | F68: Zustand zu Versuchsbeginn | G68: State at test start | H68: min. Probendurchmesser bei RT | I68: Min. test piece diameter at room temperature | K68: mm | L68: Mandatory | M68: =L68 -> Mandatory
A69: =L69 -> Mandatory | B69: Primärdaten | C69: Primary data | D69: Prüfergebnisse | E69: Test results | F69: Zustand zu Versuchsbeginn | G69: State at test start | H69: Anfangsmesslänge | I69: Original gauge length | J69: Lo | K69: mm | L69: Mandatory | M69: =L69 -> Mandatory
A70: =L70 -> Mandatory | B70: Primärdaten | C70: Primary data | D70: Prüfergebnisse | E70: Test results | F70: Zustand zu Versuchsbeginn | G70: State at test start | H70: Bezugslänge zur Berechnung der Dehnung | I70: Reference length for calculation of percentage elongations | J70: Lr (Lo) | K70: mm | L70: Mandatory | M70: =L70 -> Mandatory
A71: =L71 -> Mandatory | B71: Primärdaten | C71: Primary data | D71: Prüfergebnisse | E71: Test results | F71: Zustand zu Versuchsbeginn | G71: State at test start | H71: Extensometer-Messlänge | I71: Extensometer gauge length | J71: Le | K71: mm | L71: Mandatory | M71: =L71 -> Mandatory
A72: =L72 -> Mandatory | B72: Primärdaten | C72: Primary data | D72: Prüfergebnisse | E72: Test results | F72: Zustand zu Versuchsbeginn | G72: State at test start | H72: Bezugslänge zur Berechnung von Extensometer-Dehnungen | I72: Reference length for calculation of percentage extensions | J72: Lr (Le) | K72: mm | L72: Mandatory | M72: =L72 -> Mandatory
A73: =L73 -> Mandatory | B73: Primärdaten | C73: Primary data | D73: Prüfergebnisse | E73: Test results | F73: Versuchsablauf | G73: Test sequence | H73: verstrichene Zeit seit Ende der Lastaufbringung | I73: Elapsed time from end of loading | J73: t | K73: h | L73: Mandatory | M73: =L73 -> Mandatory
A74: =L74 -> Not Mandatory | B74: Primärdaten | C74: Primary data | D74: Prüfergebnisse | E74: Test results | F74: Versuchsablauf | G74: Test sequence | H74: Verlängerung (der Extensometer-Messlänge) | I74: Extension | J74: ΔLet | K74: mm | L74: Not Mandatory | M74: =L74 -> Not Mandatory
A75: =L75 -> Not Mandatory | B75: Primärdaten | C75: Primary data | D75: Prüfergebnisse | E75: Test results | F75: Versuchsablauf | G75: Test sequence | H75: Aufheizzeit | I75: Heating time | K75: h | L75: Not Mandatory | M75: =L75 -> Not Mandatory
A76: =L76 -> Not Mandatory | B76: Primärdaten | C76: Primary data | D76: Prüfergebnisse | E76: Test results | F76: Versuchsablauf | G76: Test sequence | H76: Haltezeit | I76: Soak time | K76: h | L76: Not Mandatory | M76: =L76 -> Not Mandatory
A77: =L77 -> Mandatory | B77: Primärdaten | C77: Primary data | D77: Prüfergebnisse | E77: Test results | F77: Versuchsablauf | G77: Test sequence | H77: Versuchsdauer | I77: Test duration | K77: h | L77: Mandatory | M77: =L77 -> Mandatory
A78: =L78 -> Mandatory | B78: Primärdaten | C78: Primary data | D78: Prüfergebnisse | E78: Test results | F78: Zustand nach Versuchsende | G78: State at end of test | H78: Bruchzeit | I78: Creep rupture time | J78: tu | K78: h | L78: Mandatory | M78: =L78 -> Mandatory
A79: =L79 -> Mandatory | B79: Primärdaten | C79: Primary data | D79: Prüfergebnisse | E79: Test results | F79: Zustand nach Versuchsende | G79: State at end of test | H79: Bruchlage (wenn außerhalb der mittleren zwei Drittel der parallelen Länge) | I79: Position of the fracture (when outside of central two thirds of the parallel length) | L79: Mandatory | M79: =L79 -> Mandatory
A80: =L80 -> Not Mandatory | B80: Primärdaten | C80: Primary data | D80: Prüfergebnisse | E80: Test results | F80: Zustand nach Versuchsende | G80: State at end of test | H80: Messlänge nach dem Bruch | I80: Final gauge length after fracture | J80: Lu | K80: mm | L80: Not Mandatory | M80: =L80 -> Not Mandatory
A81: =L81 -> Mandatory | B81: Sekundärdaten | C81: Secondary data | D81: Prüfergebnisse | E81: Test results | F81: Versuchsablauf | G81: Test sequence | H81: berichtigter Temperaturmesswert | I81: Corrected measured temperature | J81: Tc | K81: ℃ | L81: Mandatory | M81: =L81 -> Mandatory
A82: =L82 -> Recommended | B82: Sekundärdaten | C82: Secondary data | D82: Prüfergebnisse | E82: Test results | F82: Versuchsablauf | G82: Test sequence | H82: Belastungsgeschwindigkeit | I82: Loading rate | K82: MPa/s | L82: Recommended | M82: =L82 -> Recommended
A83: =L83 -> Recommended | B83: Sekundärdaten | C83: Secondary data | D83: Prüfergebnisse | E83: Test results | F83: Versuchsablauf | G83: Test sequence | H83: Entlastungsgeschwindigkeit | I83: Unloading rate | K83: MPa/s | L83: Recommended | M83: =L83 -> Recommended
A84: =L84 -> Not Mandatory | B84: Sekundärdaten | C84: Secondary data | D84: Prüfergebnisse | E84: Test results | F84: Versuchsablauf | G84: Test sequence | H84: Aufheizgeschwindigkeit | I84: Heating speed | K84: ℃/s | L84: Not Mandatory | M84: =L84 -> Not Mandatory
A85: =L85 -> Not Mandatory | B85: Sekundärdaten | C85: Secondary data | D85: Prüfergebnisse | E85: Test results | F85: Versuchsablauf | G85: Test sequence | H85: Abkühlgeschwindigkeit | I85: Cooling speed | K85: ℃/s | L85: Not Mandatory | M85: =L85 -> Not Mandatory
A86: =L86 -> Mandatory | B86: Sekundärdaten | C86: Secondary data | D86: Prüfergebnisse | E86: Test results | F86: Verformung und Dehnung | G86: Elongation and extension | H86: Extensometer-Dehnung | I86: Percentage extension | J86: e | K86: % | L86: Mandatory | M86: =L86 -> Mandatory
A87: =L87 -> Not Mandatory | B87: Sekundärdaten | C87: Secondary data | D87: Prüfergebnisse | E87: Test results | F87: Verformung und Dehnung | G87: Elongation and extension | H87: Dehnung | I87: Percentage elongation | J87: A | K87: % | L87: Not Mandatory | M87: =L87 -> Not Mandatory
A88: =L88 -> Not Mandatory | B88: Sekundärdaten | C88: Secondary data | D88: Prüfergebnisse | E88: Test results | F88: Verformung und Dehnung | G88: Elongation and extension | H88: Zeitbruchdehnung | I88: Percentage elongation after creep fracture | J88: Au | K88: % | L88: Not Mandatory | M88: =L88 -> Not Mandatory
A89: =L89 -> Recommended | B89: Sekundärdaten | C89: Secondary data | D89: Prüfergebnisse | E89: Test results | F89: Verformung und Dehnung | G89: Elongation and extension | H89: Gesamte Extensometer-Dehnung | I89: Percentage total extension | J89: et | K89: % | L89: Recommended | M89: =L89 -> Recommended
A90: =L90 -> Not Mandatory | B90: Sekundärdaten | C90: Secondary data | D90: Prüfergebnisse | E90: Test results | F90: Verformung und Dehnung | G90: Elongation and extension | H90: Gesamte Anfangs-Extensometer-Dehnung | I90: Percentage initial total extension | J90: eti | K90: % | L90: Not Mandatory | M90: =L90 -> Not Mandatory
A91: =L91 -> Not Mandatory | B91: Sekundärdaten | C91: Secondary data | D91: Prüfergebnisse | E91: Test results | F91: Verformung und Dehnung | G91: Elongation and extension | H91: Elastische Extensometer-Dehnung | I91: Percentage elastic extension | J91: ee | K91: % | L91: Not Mandatory | M91: =L91 -> Not Mandatory
A92: =L92 -> Recommended | B92: Sekundärdaten | C92: Secondary data | D92: Prüfergebnisse | E92: Test results | F92: Verformung und Dehnung | G92: Elongation and extension | H92: Plastische Anfangs-Extensometer-Dehnung | I92: Percentage initial plastic extension | J92: ei | K92: % | L92: Recommended | M92: =L92 -> Recommended
A93: =L93 -> Recommended | B93: Sekundärdaten | C93: Secondary data | D93: Prüfergebnisse | E93: Test results | F93: Verformung und Dehnung | G93: Elongation and extension | H93: Plastische Extensometer-Dehnung | I93: Percentage plastic extension | J93: ep | K93: % | L93: Recommended | M93: =L93 -> Recommended
A94: =L94 -> Recommended | B94: Sekundärdaten | C94: Secondary data | D94: Prüfergebnisse | E94: Test results | F94: Verformung und Dehnung | G94: Elongation and extension | H94: Extensometer-Kriechdehnung | I94: Percentage creep extension | J94: ef | K94: % | L94: Recommended | M94: =L94 -> Recommended

Sheet 2023-16-05_BAM-RUB
A1: Mandatory | L1: Recommended | M1: Mandatory
A2: Recommended | D2: necessary? (OMS) | H2: Fixed terminiology/symbols (according to DIN EN ISO 204: 2022) | L2: Mandatory | M2: Recommended
A3: Not mandatory | L3: Not Mandatory | M3: Not mandatory
B4: Category I - DE | C4: Category I - EN | D4: Category II - DE | E4: Category II - EN | F4: Category III - DE | G4: Category III - EN | H4: ITEM DE | I4: ITEM EN | J4: Symbol | K4: Unit | L4: Ranking | N4: Input type (interface) | O4: JSON schema implementation? | P4: Ontology implementation
A5: =L5 -> Mandatory | B5: Metadaten | C5: Metadata | D5: Versuchsinfo | E5: Test info | F5: Prüfauftrag | G5: Test order | H5: Versuchsdatum | I5: Test date | L5: Mandatory | M5: =L5 -> Mandatory
A6: =L6 -> Mandatory | B6: Metadaten | C6: Metadata | D6: Versuchsinfo | E6: Test info | F6: Prüfauftrag | G6: Test order | H6: Versuchs-ID | I6: Test ID | L6: Mandatory | M6: =L6 -> Mandatory
A7: =L7 -> Recommended | B7: Metadaten | C7: Metadata | D7: Versuchsinfo | E7: Test info | F7: Prüfauftrag | G7: Test order | H7: Projekt | I7: Project | L7: Recommended | M7: =L7 -> Recommended
A8: =L8 -> Recommended | B8: Metadaten | C8: Metadata | D8: Versuchsinfo | E8: Test info | F8: Prüfauftrag | G8: Test order | H8: Bearbeiter | I8: Operator | L8: Recommended | M8: =L8 -> Recommended
A9: =L9 -> Mandatory | B9: Metadaten | C9: Metadata | D9: Versuchsinfo | E9: Test info | F9: Festgelegte Prüfparameter | G9: Specified test parameters | H9: Prüfnorm | I9: Testing Standard | L9: Mandatory | M9: =L9 -> Mandatory
A10: =L10 -> Mandatory | B10: Metadaten | C10: Metadata | D10: Versuchsinfo | E10: Test info | F10: Festgelegte Prüfparameter | G10: Specified test parameters | H10: festgelegte Prüftemperatur | I10: Specified Temperature | J10: T | K10: ℃ | L10: Mandatory | M10: =L10 -> Mandatory
A11: =L11 -> Mandatory | B11: Metadaten | C11: Metadata | D11: Versuchsinfo | E11: Test info | F11: Festgelegte Prüfparameter | G11: Specified test parameters | H11: Prüfspannung | I11: Initial stress | J11: Ro | K11: MPa | L11: Mandatory | M11: =L11 -> Mandatory
A12: =L12 -> Mandatory | B12: Metadaten | C12: Metadata | D12: Versuchsinfo | E12: Test info | F12: Festgelegte Prüfparameter | G12: Specified test parameters | H12: Versuchsart (unterbrochen/nicht unterbrochen) | I12: Test type (interrupted/not interrupted) | L12: Mandatory | M12: =L12 -> Mandatory
A13: =L13 -> Mandatory | B13: Metadaten | C13: Metadata | D13: Versuchsinfo | E13: Test info | F13: Festgelegte Prüfparameter | G13: Specified test parameters | H13: Versuchsende (Zeitvorgabe/Probenbruch/Dehnungsvorgabe) | I13: End of experiment (time limit/test piece break/extension limit) | L13: Mandatory | M13: =L13 -> Mandatory
A14: =L14 -> Not Mandatory | B14: Metadaten | C14: Metadata | D14: Versuchsinfo | E14: Test info | F14: Festgelegte Prüfparameter | G14: Specified test parameters | H14: Prüfkraft | I14: Test force | K14: kN | L14: Not Mandatory | M14: =L14 -> Not Mandatory
A15: =L15 -> Mandatory | B15: Metadaten | C15: Metadata | D15: geprüfter Werkstoff | E15: Tested material | F15: Werkstoff und Zustand | G15: Material and state | H15: Werkstoffbezeichnung | I15: Material ID | L15: Mandatory | M15: =L15 -> Mandatory
A16: =L16 -> Recommended | B16: Metadaten | C16: Metadata | D16: geprüfter Werkstoff | E16: Tested material | F16: Werkstoff und Zustand | G16: Material and state | H16: Fertigungsverfahren | I16: Manufacturing process | L16: Recommended | M16: =L16 -> Recommended
A17: =L17 -> Recommended | B17: Metadaten | C17: Metadata | D17: geprüfter Werkstoff | E17: Tested material | F17: Werkstoff und Zustand | G17: Material and state | H17: Wärmebehandlung | I17: Heat treatment | L17: Recommended | M17: =L17 -> Recommended
A18: =L18 -> Mandatory | B18: Metadaten | C18: Metadata | D18: geprüfter Werkstoff | E18: Tested material | F18: Werkstoff und Zustand | G18: Material and state | H18: Werkstoffbezeichnung | I18: Material ID | L18: Mandatory | M18: =L18 -> Mandatory
A19: =L19 -> Mandatory | B19: Metadaten | C19: Metadata | D19: geprüfter Werkstoff | E19: Tested material | F19: Werkstoff und Zustand | G19: Material and state | H19: Herstellung: Schmelzen | I19: Manufacturing: Melting | L19: Mandatory | M19: =L19 -> Mandatory | N19: yes / no + evtl. details
A20: =L20 -> Mandatory | B20: Metadaten | C20: Metadata | D20: geprüfter Werkstoff | E20: Tested material | F20: Werkstoff und Zustand | G20: Material and state | H20: Herstellung: Gießen | I20: Manufacturing: Casting | L20: Mandatory | M20: =L20 -> Mandatory | N20: yes / no + evtl. details
A21: =L21 -> Mandatory | B21: Metadaten | C21: Metadata | D21: geprüfter Werkstoff | E21: Tested material | F21: Werkstoff und Zustand | G21: Material and state | H21: Herstellung: Umschmelzen | I21: Manufacturing: Remelting | L21: Mandatory | M21: =L21 -> Mandatory | N21: yes / no + evtl. details
A22: =L22 -> Mandatory | B22: Metadaten | C22: Metadata | D22: geprüfter Werkstoff | E22: Tested material | F22: Werkstoff und Zustand | G22: Material and state | H22: Herstellung: Atmosphäre | I22: Manufacturing: Atmosphere | L22: Mandatory | M22: =L22 -> Mandatory
A23: =L23 -> Mandatory | B23: Metadaten | C23: Metadata | D23: geprüfter Werkstoff | E23: Tested material | F23: Werkstoff und Zustand | G23: Material and state | H23: Herstellung: Ein- oder Polykristall erstarrt | I23: Manufacturing: Single or polycrystal solidified | L23: Mandatory | M23: =L23 -> Mandatory
A24: =L24 -> Mandatory | B24: Metadaten | C24: Metadata | D24: geprüfter Werkstoff | E24: Tested material | F24: Werkstoff und Zustand | G24: Material and state | H24: Herstellung: Thermomechanische Behandlung | I24: Manufacturing: Thermomechanical treatment | L24: Mandatory | M24: =L24 -> Mandatory | N24: yes / no + evtl. details
B25: Metadaten | C25: Metadata | D25: geprüfter Werkstoff | E25: Tested material | F25: Werkstoffgeschichte und Zustand? | G25: same as condition?(Angelika) | H25: Zustand: wärmebehandelt / wie gefertigt | I25: Condition: Heat treated / as manufactured | L25: Mandatory | N25: drop down list / text
A26: =L26 -> Recommended | B26: Metadaten | C26: Metadata | D26: geprüfter Werkstoff | E26: Tested material | F26: Werkstoff und Zustand | G26: Material and state | H26: Wärmebehandlung: Atmosphäre | I26: Heat treatment: Atmosphere | L26: Recommended | M26: =L26 -> Recommended
A27: =L27 -> Recommended | B27: Metadaten | C27: Metadata | D27: geprüfter Werkstoff | E27: Tested material | F27: Werkstoff und Zustand | G27: Material and state | H27: Wärmebehandlung: Heizrate | I27: Heat treatment: Heating rate | L27: Recommended | M27: =L27 -> Recommended
A28: =L28 -> Recommended | B28: Metadaten | C28: Metadata | D28: geprüfter Werkstoff | E28: Tested material | F28: Werkstoff und Zustand | G28: Material and state | H28: Wärmebehandlung: Temperatur | I28: Heat treatment: Temperature | L28: Recommended | M28: =L28 -> Recommended
A29: =L29 -> Recommended | B29: Metadaten | C29: Metadata | D29: geprüfter Werkstoff | E29: Tested material | F29: Werkstoff und Zustand | G29: Material and state | H29: Wärmebehandlung: Haltezeit | I29: Heat treatment: Soaking time | L29: Recommended | M29: =L29 -> Recommended
A30: =L30 -> Recommended | B30: Metadaten | C30: Metadata | D30: geprüfter Werkstoff | E30: Tested material | F30: Werkstoff und Zustand | G30: Material and state | H30: Wärmebehandlung: Kühlrate | I30: Heat treatment: Cooling rate | L30: Recommended | M30: =L30 -> Recommended
A31: =L31 -> Recommended | B31: Metadaten | C31: Metadata | D31: geprüfter Werkstoff | E31: Tested material | F31: Werkstoff und Zustand | G31: Material and state | H31: Wärmebehandlung: ggf. Angaben zu zweiter Stufe | I31: Heat treatment: Information on second stage, if applicable | L31: Recommended | M31: =L31 -> Recommended
A32: =L32 -> Mandatory | B32: Metadaten | C32: Metadata | D32: geprüfter Werkstoff | E32: Tested material | F32: Werkstoff und Zustand | G32: Material and state | H32: Auslagerung durchgeführt? | I32: Ageing applied? | L32: Mandatory | M32: =L32 -> Mandatory | N32: yes / no
A33: =L33 -> Recommended | B33: Metadaten | C33: Metadata | D33: geprüfter Werkstoff | E33: Tested material | F33: Werkstoff und Zustand | G33: Material and state | H33: Auslagerung: Atmosphäre | I33: Ageing: Atmosphere | L33: Recommended | M33: =L33 -> Recommended
A34: =L34 -> Recommended | B34: Metadaten | C34: Metadata | D34: geprüfter Werkstoff | E34: Tested material | F34: Werkstoff und Zustand | G34: Material and state | H34: Auslagerung: Heizrate | I34: Ageing: Heating rate | L34: Recommended | M34: =L34 -> Recommended
A35: =L35 -> Recommended | B35: Metadaten | C35: Metadata | D35: geprüfter Werkstoff | E35: Tested material | F35: Werkstoff und Zustand | G35: Material and state | H35: Auslagerung: Temperatur | I35: Ageing: Temperature | L35: Recommended | M35: =L35 -> Recommended
A36: =L36 -> Recommended | B36: Metadaten | C36: Metadata | D36: geprüfter Werkstoff | E36: Tested material | F36: Werkstoff und Zustand | G36: Material and state | H36: Auslagerung: Haltezeit | I36: Ageing: Soaking time | L36: Recommended | M36: =L36 -> Recommended
A37: =L37 -> Recommended | B37: Metadaten | C37: Metadata | D37: geprüfter Werkstoff | E37: Tested material | F37: Werkstoff und Zustand | G37: Material and state | H37: Auslagerung: Kühlrate | I37: Ageing: Cooling rate | L37: Recommended | M37: =L37 -> Recommended
A38: =L38 -> Mandatory | B38: Metadaten | C38: Metadata | D38: geprüfter Werkstoff | E38: Tested material | F38: Werkstoff und Zustand | G38: Material and state | H38: Chemische Zusammensetzung | I38: Chemical composition | L38: Mandatory | M38: =L38 -> Mandatory
A39: =L39 -> Mandatory | B39: Metadaten | C39: Metadata | D39: geprüfter Werkstoff | E39: Tested material | F39: Werkstoff und Zustand | G39: Material and state | H39: Geometrie/Abmessungen des Rohlings | I39: Geometry/dimensions of blank | L39: Mandatory | M39: =L39 -> Mandatory
A40: =L40 -> Mandatory | B40: Metadaten | C40: Metadata | D40: geprüfter Werkstoff | E40: Tested material | F40: Werkstoff und Zustand | G40: Material and state | H40: Mikrogefüge: Wärmebehandlungszustand | I40: Microstructure: Heat treatment condition (annealed, hardened, …) | L40: Mandatory | M40: =L40 -> Mandatory | N40: drop down + other
A41: =L41 -> Recommended | B41: Metadaten | C41: Metadata | D41: geprüfter Werkstoff | E41: Tested material | F41: Werkstoff und Zustand | G41: Material and state | H41: Mikrogefüge: Durchführung der Prüfung | I41: Microstructure: Type of investigation (metallography, …) | L41: Recommended | M41: =L41 -> Recommended | N41: drop down + other
A42: =L42 -> Recommended | B42: Metadaten | C42: Metadata | D42: geprüfter Werkstoff | E42: Tested material | F42: Werkstoff und Zustand | G42: Material and state | H42: Mikrogefüge: volls. gelöste und wieder ausgeschiedene gamma-gamma'-Bereiche | I42: Microstructure: completely dissolved and re-precipitated gamma-gamma' regions | K42: % | L42: Recommended | M42: =L42 -> Recommended | P42: link
A43: =L43 -> Recommended | B43: Metadaten | C43: Metadata | D43: geprüfter Werkstoff | E43: Tested material | F43: Werkstoff und Zustand | G43: Material and state | H43: Mikrogefüge: gamma'-Volume | I43: Microstructure: gamma'-Volume | K43: % | L43: Recommended | M43: =L43 -> Recommended | P43: link
A44: =L44 -> Recommended | B44: Metadaten | C44: Metadata | D44: geprüfter Werkstoff | E44: Tested material | F44: Werkstoff und Zustand | G44: Material and state | H44: Mikrogefüge: SX/PX | I44: Microstructure: SX/PX | K44: % | L44: Recommended | M44: =L44 -> Recommended | P44: link
A45: =L45 -> Recommended | B45: Metadaten | C45: Metadata | D45: geprüfter Werkstoff | E45: Tested material | F45: Werkstoff und Zustand | G45: Material and state | H45: Mikrogefüge: Gamma'-Teilchengröße, durchschnitliche Größe | I45: Microstructure: Gamma'-particles', average size | K45: µm | L45: Recommended | M45: =L45 -> Recommended | P45: link
A46: =L46 -> Recommended | B46: Metadaten | C46: Metadata | D46: geprüfter Werkstoff | E46: Tested material | F46: Werkstoff und Zustand | G46: Material and state | H46: Mikrogefüge: Gamma'-Teilchengröße, maximale Größe | I46: Microstructure: Gamma'-particles', maximum size | K46: µm | L46: Recommended | M46: =L46 -> Recommended | P46: link
A47: =L47 -> Recommended | B47: Metadaten | C47: Metadata | D47: geprüfter Werkstoff | E47: Tested material | F47: Werkstoff und Zustand | G47: Material and state | H47: Mikrogefüge: Anschmelzungen | I47: Microstructure: Heat treatment condition | K47: % | L47: Recommended | M47: =L47 -> Recommended | P47: link
A48: =L48 -> Recommended | B48: Metadaten | C48: Metadata | D48: geprüfter Werkstoff | E48: Tested material | F48: Werkstoff und Zustand | G48: Material and state | H48: Mikrogefüge: Dendriten-Abstand | I48: Microstructure: dendrites spacing | K48: % | L48: Recommended | M48: =L48 -> Recommended | P48: link
A49: =L49 -> Recommended | B49: Metadaten | C49: Metadata | D49: geprüfter Werkstoff | E49: Tested material | F49: Werkstoff und Zustand | G49: Material and state | H49: Mikrogefüge: Bilder der Mikrostruktur vor und nach Belastung | I49: Microstructure: images of the microstructure before and after loading | L49: Recommended | M49: =L49 -> Recommended | P49: link
B50: Metadaten | C50: Metadata | D50: geprüfter Werkstoff | E50: Tested material | F50: Werkstoff und Zustand | G50: Material and state | H50: Zugversuchskennwerte vorhanden? | I50: Tensile properties available? | L50: Mandatory | M50: =L50 -> Mandatory
B51: Metadaten | C51: Metadata | D51: geprüfter Werkstoff | E51: Tested material | F51: Werkstoff und Zustand | G51: Material and state | H51: 0,2 % Dehngrenze bei festgelegter Prüftemperatur | I51: Yield strength at creep testing temperature | L51: Recommended | M51: =L51 -> Recommended
A52: =L52 -> Mandatory | B52: Metadaten | C52: Metadata | D52: geprüfter Werkstoff | E52: Tested material | F52: Werkstoff und Zustand | G52: Material and state | H52: Nachweis der Einkristallinität | I52: Proof of syngle crystallinity | L52: Mandatory | M52: =L52 -> Mandatory
A53: =L53 -> Mandatory | B53: Metadaten | C53: Metadata | D53: geprüfter Werkstoff | E53: Tested material | F53: Werkstoff und Zustand | G53: Material and state | H53: Einkristallorientierung | I53: Single Crystall Orientation | L53: Mandatory | M53: =L53 -> Mandatory
A54: =L54 -> Mandatory | B54: Metadaten | C54: Metadata | D54: geprüfter Werkstoff | E54: Tested material | F54: Werkstoff und Zustand | G54: Material and state | H54: Winkelorientierung | I54: Angle orientation | L54: Mandatory | M54: =L54 -> Mandatory
A55: =L55 -> Mandatory | B55: Metadaten | C55: Metadata | D55: geprüfter Werkstoff | E55: Tested material | F55: Werkstoff und Zustand | G55: Material and state | H55: Angaben zu Rissprüfung | I55: Crack inspection details | L55: Mandatory | M55: =L55 -> Mandatory
A56: =L56 -> Mandatory | B56: Metadaten | C56: Metadata | D56: geprüfter Werkstoff | E56: Tested material | F56: Werkstoff und Zustand | G56: Material and state | H56: Röntgenfilm? | I56: X-Ray film? | L56: Mandatory | M56: =L56 -> Mandatory
A57: =L57 -> Mandatory | B57: Metadaten | C57: Metadata | D57: geprüfter Werkstoff | E57: Tested material | F57: Werkstoff und Zustand | G57: Material and state | H57: Korndefektkarten? | I57: Grain Defects maps? | L57: Mandatory | M57: =L57 -> Mandatory
A58: =L58 -> Mandatory | B58: Metadaten | C58: Metadata | D58: geprüfter Werkstoff | E58: Tested material | F58: Probe | G58: Test piece | H58: Probenbezeichnung | I58: Test piece ID | L58: Mandatory | M58: =L58 -> Mandatory
A59: =L59 -> Mandatory | B59: Metadaten | C59: Metadata | D59: geprüfter Werkstoff | E59: Tested material | F59: Probe | G59: Test piece | H59: Probenform | I59: Type of test piece | L59: Mandatory | M59: =L59 -> Mandatory
A60: =L60 -> Recommended | B60: Metadaten | C60: Metadata | D60: geprüfter Werkstoff | E60: Tested material | F60: Probe | G60: Test piece | H60: Probenzeichnung | I60: Test piece technical drawing | L60: Recommended | M60: =L60 -> Recommended
A61: =L61 -> Recommended | B61: Metadaten | C61: Metadata | D61: geprüfter Werkstoff | E61: Tested material | F61: Probe | G61: Test piece | H61: Entnahmestelle der Probe im Rohling | I61: Location of the sample in the blank | L61: Recommended | M61: =L61 -> Recommended
A62: =L62 -> Mandatory | B62: Metadaten | C62: Metadata | D62: geprüfter Werkstoff | E62: Tested material | F62: Probe | G62: Test piece | H62: Positionierung (Laue, precision) | I62: Positioning (Laue, precision) | L62: Mandatory | M62: =L62 -> Mandatory
A63: =L63 -> Mandatory | B63: Metadaten | C63: Metadata | D63: Prüf- und Messmittel | E63: Testing and measuring equipment | F63: Prüfmaschine | G63: Testing machine | H63: Prüfmaschinenbezeichnung | I63: Testing machine ID | L63: Mandatory | M63: =L63 -> Mandatory
A64: =L64 -> Not Mandatory | B64: Metadaten | C64: Metadata | D64: Prüf- und Messmittel | E64: Testing and measuring equipment | F64: Prüfmaschine | G64: Testing machine | H64: max. Prüfkraft | I64: max. applied force | K64: kN | L64: Not Mandatory | M64: =L64 -> Not Mandatory
A65: =L65 -> Not Mandatory | B65: Metadaten | C65: Metadata | D65: Prüf- und Messmittel | E65: Testing and measuring equipment | F65: Prüfmaschine | G65: Testing machine | H65: Datenerfassungsgerät | I65: Data acquisition equipment | L65: Not Mandatory | M65: =L65 -> Not Mandatory
A66: =L66 -> Not Mandatory | B66: Metadaten | C66: Metadata | D66: Prüf- und Messmittel | E66: Testing and measuring equipment | F66: Temperatur-Regelung | G66: Temperature control | H66: Regelung über Thermoelementen an Probe/über Ofen | I66: Control via thermocouples on sample/via furnace) | L66: Not Mandatory | M66: =L66 -> Not Mandatory
A67: =L67 -> Recommended | B67: Metadaten | C67: Metadata | D67: Prüf- und Messmittel | E67: Testing and measuring equipment | F67: Temperatur-Regelung | G67: Temperature control | H67: Thermoelemente: Typ | I67: Thermocouple: type | L67: Recommended | M67: =L67 -> Recommended
A68: =L68 -> Recommended | B68: Metadaten | C68: Metadata | D68: Prüf- und Messmittel | E68: Testing and measuring equipment | F68: Temperatur-Regelung | G68: Temperature control | H68: Thermoelemente: Anzahl | I68: Thermocouple: quantity | L68: Recommended | M68: =L68 -> Recommended
A69: =L69 -> Mandatory | B69: Metadaten | C69: Metadata | D69: Prüf- und Messmittel | E69: Testing and measuring equipment | F69: Temperatur-Regelung | G69: Temperature control | H69: Gerätnummer-Thermoelement(e) | I69: Equipment ID - thermocouple(s) | L69: Mandatory | M69: =L69 -> Mandatory
A70: =L70 -> Not Mandatory | B70: Metadaten | C70: Metadata | D70: Prüf- und Messmittel | E70: Testing and measuring equipment | F70: Temperatur-Regelung | G70: Temperature control | H70: Messverstärker | I70: Measurement Amplifier | L70: Not Mandatory | M70: =L70 -> Not Mandatory
A71: =L71 -> Mandatory | B71: Metadaten | C71: Metadata | D71: Prüf- und Messmittel | E71: Testing and measuring equipment | F71: Temperatur-Regelung | G71: Temperature control | H71: Gerätnummer-Messverstärker | I71: Equipment ID - Measurement Amplifier | L71: Mandatory | M71: =L71 -> Mandatory
A72: =L72 -> Recommended | B72: Metadaten | C72: Metadata | D72: Prüf- und Messmittel | E72: Testing and measuring equipment | F72: Dehnungsmessgerät | G72: Extensometer | H72: Dehnungsmessgerät Modellinfo | I72: Extensometer model information | L72: Recommended | M72: =L72 -> Recommended
A73: =L73 -> Mandatory | B73: Metadaten | C73: Metadata | D73: Prüf- und Messmittel | E73: Testing and measuring equipment | F73: Dehnungsmessgerät | G73: Extensometer | H73: Gerätnummer-Dehnungsmessgerät | I73: Equipment ID - Extensometer | L73: Mandatory | M73: =L73 -> Mandatory
A74: =L74 -> Recommended | B74: Metadaten | C74: Metadata | D74: Prüf- und Messmittel | E74: Testing and measuring equipment | F74: Dehnungsmessgerät | G74: Extensometer | H74: Nennmesslänge | I74: Nominal gauge length | L74: Recommended | M74: =L74 -> Recommended
A75: =L75 -> Recommended | B75: Metadaten | C75: Metadata | D75: Prüf- und Messmittel | E75: Testing and measuring equipment | F75: Dehnungsmessgerät | G75: Extensometer | H75: Dehnungsbereich - Obergrenze | I75: Extension range - Upper limit | K75: % | L75: Recommended | M75: =L75 -> Recommended
A76: =L76 -> Recommended | B76: Metadaten | C76: Metadata | D76: Prüf- und Messmittel | E76: Testing and measuring equipment | F76: Dehnungsmessgerät | G76: Extensometer | H76: Dehnungsbereich - Untergrenze | I76: Extension range - Lower limit | K76: % | L76: Recommended | M76: =L76 -> Recommended
A77: =L77 -> Mandatory | B77: Primärdaten | C77: Primary data | D77: Prüfergebnisse | E77: Test results | F77: Zustand zu Versuchsbeginn | G77: State at test start | H77: min. Probendurchmesser bei RT | I77: Min. test piece diameter at room temperature | K77: mm | L77: Mandatory | M77: =L77 -> Mandatory
A78: =L78 -> Mandatory | B78: Primärdaten | C78: Primary data | D78: Prüfergebnisse | E78: Test results | F78: Zustand zu Versuchsbeginn | G78: State at test start | H78: Anfangsmesslänge | I78: Original gauge length | J78: Lo | K78: mm | L78: Mandatory | M78: =L78 -> Mandatory
A79: =L79 -> Mandatory | B79: Primärdaten | C79: Primary data | D79: Prüfergebnisse | E79: Test results | F79: Zustand zu Versuchsbeginn | G79: State at test start | H79: Bezugslänge zur Berechnung der Dehnung | I79: Reference length for calculation of percentage elongations | J79: Lr (Lo) | K79: mm | L79: Mandatory | M79: =L79 -> Mandatory
A80: =L80 -> Mandatory | B80: Primärdaten | C80: Primary data | D80: Prüfergebnisse | E80: Test results | F80: Zustand zu Versuchsbeginn | G80: State at test start | H80: Extensometer-Messlänge | I80: Extensometer gauge length | J80: Le | K80: mm | L80: Mandatory | M80: =L80 -> Mandatory
A81: =L81 -> Mandatory | B81: Primärdaten | C81: Primary data | D81: Prüfergebnisse | E81: Test results | F81: Zustand zu Versuchsbeginn | G81: State at test start | H81: Bezugslänge zur Berechnung von Extensometer-Dehnungen | I81: Reference length for calculation of percentage extensions | J81: Lr (Le) | K81: mm | L81: Mandatory | M81: =L81 -> Mandatory
A82: =L82 -> Mandatory | B82: Primärdaten | C82: Primary data | D82: Prüfergebnisse | E82: Test results | F82: Versuchsablauf | G82: Test sequence | H82: verstrichene Zeit seit Ende der Lastaufbringung | I82: Elapsed time from end of loading | J82: t | K82: h | L82: Mandatory | M82: =L82 -> Mandatory
A83: =L83 -> Not Mandatory | B83: Primärdaten | C83: Primary data | D83: Prüfergebnisse | E83: Test results | F83: Versuchsablauf | G83: Test sequence | H83: Verlängerung (der Extensometer-Messlänge) | I83: Extension | J83: ΔLet | K83: mm | L83: Not Mandatory | M83: =L83 -> Not Mandatory
A84: =L84 -> Not Mandatory | B84: Primärdaten | C84: Primary data | D84: Prüfergebnisse | E84: Test results | F84: Versuchsablauf | G84: Test sequence | H84: Aufheizzeit | I84: Heating time | K84: h | L84: Not Mandatory | M84: =L84 -> Not Mandatory
A85: =L85 -> Not Mandatory | B85: Primärdaten | C85: Primary data | D85: Prüfergebnisse | E85: Test results | F85: Versuchsablauf | G85: Test sequence | H85: Haltezeit | I85: Soak time | K85: h | L85: Not Mandatory | M85: =L85 -> Not Mandatory
A86: =L86 -> Mandatory | B86: Primärdaten | C86: Primary data | D86: Prüfergebnisse | E86: Test results | F86: Versuchsablauf | G86: Test sequence | H86: Versuchsdauer | I86: Test duration | K86: h | L86: Mandatory | M86: =L86 -> Mandatory
A87: =L87 -> Mandatory | B87: Primärdaten | C87: Primary data | D87: Prüfergebnisse | E87: Test results | F87: Zustand nach Versuchsende | G87: State at end of test | H87: Bruchzeit | I87: Creep rupture time | J87: tu | K87: h | L87: Mandatory | M87: =L87 -> Mandatory
A88: =L88 -> Mandatory | B88: Primärdaten | C88: Primary data | D88: Prüfergebnisse | E88: Test results | F88: Zustand nach Versuchsende | G88: State at end of test | H88: Bruchlage (wenn außerhalb der mittleren zwei Drittel der parallelen Länge) | I88: Position of the fracture (when outside of central two thirds of the parallel length) | L88: Mandatory | M88: =L88 -> Mandatory
A89: =L89 -> Not Mandatory | B89: Primärdaten | C89: Primary data | D89: Prüfergebnisse | E89: Test results | F89: Zustand nach Versuchsende | G89: State at end of test | H89: Messlänge nach dem Bruch | I89: Final gauge length after fracture | J89: Lu | K89: mm | L89: Not Mandatory | M89: =L89 -> Not Mandatory
A90: =L90 -> Mandatory | B90: Sekundärdaten | C90: Secondary data | D90: Prüfergebnisse | E90: Test results | F90: Versuchsablauf | G90: Test sequence | H90: berichtigter Temperaturmesswert | I90: Corrected measured temperature | J90: Tc | K90: ℃ | L90: Mandatory | M90: =L90 -> Mandatory
A91: =L91 -> Recommended | B91: Sekundärdaten | C91: Secondary data | D91: Prüfergebnisse | E91: Test results | F91: Versuchsablauf | G91: Test sequence | H91: Belastungsgeschwindigkeit | I91: Loading rate | K91: MPa/s | L91: Recommended | M91: =L91 -> Recommended
A92: =L92 -> Recommended | B92: Sekundärdaten | C92: Secondary data | D92: Prüfergebnisse | E92: Test results | F92: Versuchsablauf | G92: Test sequence | H92: Entlastungsgeschwindigkeit | I92: Unloading rate | K92: MPa/s | L92: Recommended | M92: =L92 -> Recommended
A93: =L93 -> Not Mandatory | B93: Sekundärdaten | C93: Secondary data | D93: Prüfergebnisse | E93: Test results | F93: Versuchsablauf | G93: Test sequence | H93: Aufheizgeschwindigkeit | I93: Heating speed | K93: ℃/s | L93: Not Mandatory | M93: =L93 -> Not Mandatory
A94: =L94 -> Not Mandatory | B94: Sekundärdaten | C94: Secondary data | D94: Prüfergebnisse | E94: Test results | F94: Versuchsablauf | G94: Test sequence | H94: Abkühlgeschwindigkeit | I94: Cooling speed | K94: ℃/s | L94: Not Mandatory | M94: =L94 -> Not Mandatory
A95: =L95 -> Mandatory | B95: Sekundärdaten | C95: Secondary data | D95: Prüfergebnisse | E95: Test results | F95: Verformung und Dehnung | G95: Elongation and extension | H95: Extensometer-Dehnung | I95: Percentage extension | J95: e | K95: % | L95: Mandatory | M95: =L95 -> Mandatory
A96: =L96 -> Not Mandatory | B96: Sekundärdaten | C96: Secondary data | D96: Prüfergebnisse | E96: Test results | F96: Verformung und Dehnung | G96: Elongation and extension | H96: Dehnung | I96: Percentage elongation | J96: A | K96: % | L96: Not Mandatory | M96: =L96 -> Not Mandatory
A97: =L97 -> Not Mandatory | B97: Sekundärdaten | C97: Secondary data | D97: Prüfergebnisse | E97: Test results | F97: Verformung und Dehnung | G97: Elongation and extension | H97: Zeitbruchdehnung | I97: Percentage elongation after creep fracture | J97: Au | K97: % | L97: Not Mandatory | M97: =L97 -> Not Mandatory
A98: =L98 -> Recommended | B98: Sekundärdaten | C98: Secondary data | D98: Prüfergebnisse | E98: Test results | F98: Verformung und Dehnung | G98: Elongation and extension | H98: Gesamte Extensometer-Dehnung | I98: Percentage total extension | J98: et | K98: % | L98: Recommended | M98: =L98 -> Recommended
A99: =L99 -> Not Mandatory | B99: Sekundärdaten | C99: Secondary data | D99: Prüfergebnisse | E99: Test results | F99: Verformung und Dehnung | G99: Elongation and extension | H99: Gesamte Anfangs-Extensometer-Dehnung | I99: Percentage initial total extension | J99: eti | K99: % | L99: Not Mandatory | M99: =L99 -> Not Mandatory
A100: =L100 -> Not Mandatory | B100: Sekundärdaten | C100: Secondary data | D100: Prüfergebnisse | E100: Test results | F100: Verformung und Dehnung | G100: Elongation and extension | H100: Elastische Extensometer-Dehnung | I100: Percentage elastic extension | J100: ee | K100: % | L100: Not Mandatory | M100: =L100 -> Not Mandatory
...

Sheet 2023-26-05
G3: new rows | R3: "paused"
L4: Recommended | M4: Mandatory | R4: All tests of data set
C5: necessary? (OMS) | G5: Fixed terminiology/symbols (according to DIN EN ISO 204: 2022) | L5: Mandatory | M5: Recommended | R5: Test specific
K6: Mandatory statement | L6: Not Mandatory | M6: Not mandatory | R6: …?
A7: Category I - DE | B7: Category I - EN | C7: Category II - DE | D7: Category II - EN | E7: Category III - DE | F7: Category III - EN | G7: ITEM DE | H7: ITEM EN | I7: Symbol | J7: Unit | K7: Value | L7: Ranking | N7: Input type (interface) | O7: JSON schema implementation/integration? | P7: Ontology implementation/integration? | Q7: RUB dataset | R7: "Validity Range"
A8: Metadaten | B8: Metadata | C8: Versuchsinfo | D8: Test info | G8: Bibliographische Information | H8: Bibliographic information
A9: Metadaten | B9: Metadata | C9: Versuchsinfo | D9: Test info | E9: Prüfauftrag | F9: Test order | G9: Versuchsdatum | H9: Test date | L9: Mandatory | M9: =L9 -> Mandatory | Q9: --- | R9: Test specific
A10: Metadaten | B10: Metadata | C10: Versuchsinfo | D10: Test info | E10: Prüfauftrag | F10: Test order | G10: Versuchs-ID | H10: Test ID | L10: Mandatory | M10: =L10 -> Mandatory | Q10: --- | R10: Test specific
A11: Metadaten | B11: Metadata | C11: Versuchsinfo | D11: Test info | E11: Prüfauftrag | F11: Test order | G11: Projekt | H11: Project | L11: Recommended | M11: =L11 -> Recommended | Q11: SFB/TR103 | R11: All tests of data set
A12: Metadaten | B12: Metadata | C12: Versuchsinfo | D12: Test info | E12: Prüfauftrag | F12: Test order | G12: Bearbeiter | H12: Operator | L12: Recommended | M12: =L12 -> Recommended | Q12: --- | R12: Test specific
A13: Metadaten | B13: Metadata | C13: Versuchsinfo | D13: Test info | E13: Festgelegte Prüfparameter | F13: Specified test parameters | G13: Prüfnorm | H13: Testing Standard | K13: Yes (which?) / No | L13: Mandatory | M13: =L13 -> Mandatory | Q13: ? | R13: All tests of data set
A14: Metadaten | B14: Metadata | C14: Versuchsinfo | D14: Test info | E14: Festgelegte Prüfparameter | F14: Specified test parameters | G14: festgelegte Prüftemperatur | H14: Specified Temperature | I14: T | J14: ℃ | L14: Mandatory | M14: =L14 -> Mandatory | Q14: xls | R14: Test specific
A15: Metadaten | B15: Metadata | C15: Versuchsinfo | D15: Test info | E15: Festgelegte Prüfparameter | F15: Specified test parameters | G15: Prüfspannung (should we add whether constant force or constant stress?) | H15: Initial stress | I15: Ro | J15: MPa | L15: Mandatory | M15: =L15 -> Mandatory | Q15: ? | R15: Test specific
A16: Metadaten | B16: Metadata | C16: Versuchsinfo | D16: Test info | E16: Festgelegte Prüfparameter | F16: Specified test parameters | G16: Versuchsart (unterbrochen/nicht unterbrochen) | H16: Test type (interrupted/not interrupted) | L16: Mandatory | M16: =L16 -> Mandatory | Q16: paper | R16: Test specific
A17: Metadaten | B17: Metadata | C17: Versuchsinfo | D17: Test info | E17: Festgelegte Prüfparameter | F17: Specified test parameters | G17: Versuchsende (Zeitvorgabe/Probenbruch/Dehnungsvorgabe) | H17: End of experiment (time limit/test piece break/extension limit) | L17: Mandatory | M17: =L17 -> Mandatory | Q17: xls | R17: Test specific
A18: Metadaten | B18: Metadata | C18: Versuchsinfo | D18: Test info | E18: Festgelegte Prüfparameter | F18: Specified test parameters | G18: Prüfkraft | H18: Test force | J18: kN | L18: Not Mandatory | M18: =L18 -> Not Mandatory | Q18: --- | R18: Test specific
A19: Metadaten | B19: Metadata | C19: geprüfter Werkstoff | D19: Tested material | E19: Werkstoff und Zustand | F19: Material and state | G19: Werkstoffbezeichnung | H19: Material ID | L19: Mandatory | M19: =L19 -> Mandatory | Q19: birth cert. | R19: Test specific
A20: Metadaten | B20: Metadata | C20: geprüfter Werkstoff | D20: Tested material | E20: Werkstoff und Zustand | F20: Material and state | G20: Fertigungsverfahren | H20: Manufacturing process | L20: Recommended | M20: =L20 -> Recommended | Q20: ERBO spec | R20: Test specific
A21: Metadaten | B21: Metadata | C21: geprüfter Werkstoff | D21: Tested material | E21: Werkstoff und Zustand | F21: Material and state | G21: Wärmebehandlung | H21: Heat treatment | L21: Recommended | M21: =L21 -> Recommended | Q21: ERBO spec | R21: Test specific
A22: Metadaten | B22: Metadata | C22: geprüfter Werkstoff | D22: Tested material | G22: Bibliographische Information | H22: Bibliographic information
A23: Metadaten | B23: Metadata | C23: geprüfter Werkstoff | D23: Tested material | E23: Werkstoff und Zustand | F23: Material and state | G23: Werkstoffbezeichnung | H23: Material ID | L23: Mandatory | M23: =L23 -> Mandatory | Q23: birth cert.
A24: Metadaten | B24: Metadata | C24: geprüfter Werkstoff | D24: Tested material | E24: Werkstoff und Zustand | F24: Material and state | G24: Herstellung: Schmelzen | H24: Manufacturing: Melting | L24: Mandatory | M24: =L24 -> Mandatory | N24: yes / no + evtl. details | Q24: ERBO spec
A25: Metadaten | B25: Metadata | C25: geprüfter Werkstoff | D25: Tested material | E25: Werkstoff und Zustand | F25: Material and state | G25: Herstellung: Gießen | H25: Manufacturing: Casting | L25: Mandatory | M25: =L25 -> Mandatory | N25: yes / no + evtl. details | Q25: ERBO spec
A26: Metadaten | B26: Metadata | C26: geprüfter Werkstoff | D26: Tested material | E26: Werkstoff und Zustand | F26: Material and state | G26: Herstellung: Umschmelzen | H26: Manufacturing: Remelting | L26: Mandatory | M26: =L26 -> Mandatory | N26: yes / no + evtl. details | Q26: ERBO spec
A27: Metadaten | B27: Metadata | C27: geprüfter Werkstoff | D27: Tested material | E27: Werkstoff und Zustand | F27: Material and state | G27: Herstellung: Atmosphäre | H27: Manufacturing: Atmosphere | L27: Mandatory | M27: =L27 -> Mandatory | Q27: ERBO spec
A28: Metadaten | B28: Metadata | C28: geprüfter Werkstoff | D28: Tested material | E28: Werkstoff und Zustand | F28: Material and state | G28: Herstellung: Ein- oder Polykristall erstarrt | H28: Manufacturing: Single or polycrystal solidified | L28: Mandatory | M28: =L28 -> Mandatory | Q28: ERBO spec
A29: Metadaten | B29: Metadata | C29: geprüfter Werkstoff | D29: Tested material | E29: Werkstoff und Zustand | F29: Material and state | G29: Herstellung: Thermomechanische Behandlung | H29: Manufacturing: Thermomechanical treatment | L29: Mandatory | M29: =L29 -> Mandatory | N29: yes / no + evtl. details | Q29: ERBO spec
A30: Metadaten | B30: Metadata | C30: geprüfter Werkstoff | D30: Tested material | E30: Werkstoffgeschichte und Zustand? | F30: same as condition?(Angelika) | G30: Zustand: wärmebehandelt / wie gefertigt | H30: Condition: Heat treated / as manufactured | L30: Mandatory | M30: =L30 -> Mandatory | N30: drop down list / text | Q30: ERBO spec
A31: Metadaten | B31: Metadata | C31: geprüfter Werkstoff | D31: Tested material | E31: Werkstoff und Zustand | F31: Material and state | G31: Wärmebehandlung: Atmosphäre | H31: Heat treatment: Atmosphere | L31: Mandatory | M31: =L31 -> Mandatory | Q31: ERBO spec
A32: Metadaten | B32: Metadata | C32: geprüfter Werkstoff | D32: Tested material | E32: Werkstoff und Zustand | F32: Material and state | G32: Wärmebehandlung: Heizrate | H32: Heat treatment: Heating rate | L32: Recommended | M32: =L32 -> Recommended | Q32: ERBO spec
A33: Metadaten | B33: Metadata | C33: geprüfter Werkstoff | D33: Tested material | E33: Werkstoff und Zustand | F33: Material and state | G33: Wärmebehandlung: Temperatur | H33: Heat treatment: Temperature | L33: Recommended | M33: =L33 -> Recommended | Q33: ERBO spec
A34: Metadaten | B34: Metadata | C34: geprüfter Werkstoff | D34: Tested material | E34: Werkstoff und Zustand | F34: Material and state | G34: Wärmebehandlung: Haltezeit | H34: Heat treatment: Soaking time | L34: Recommended | M34: =L34 -> Recommended | Q34: ERBO spec
A35: Metadaten | B35: Metadata | C35: geprüfter Werkstoff | D35: Tested material | E35: Werkstoff und Zustand | F35: Material and state | G35: Wärmebehandlung: Kühlrate | H35: Heat treatment: Cooling rate | L35: Recommended | M35: =L35 -> Recommended | Q35: ERBO spec
A36: Metadaten | B36: Metadata | C36: geprüfter Werkstoff | D36: Tested material | E36: Werkstoff und Zustand | F36: Material and state | G36: Wärmebehandlung: ggf. Angaben zu zweiter Stufe | H36: Heat treatment: Information on second stage, if applicable | L36: Recommended | M36: =L36 -> Recommended | Q36: ERBO spec
A37: Metadaten | B37: Metadata | C37: geprüfter Werkstoff | D37: Tested material | E37: Werkstoff und Zustand | F37: Material and state | G37: Auslagerung durchgeführt? | H37: Ageing applied? | L37: Mandatory | M37: =L37 -> Mandatory | N37: yes / no | Q37: ERBO spec
A38: Metadaten | B38: Metadata | C38: geprüfter Werkstoff | D38: Tested material | E38: Werkstoff und Zustand | F38: Material and state | G38: Auslagerung: Atmosphäre | H38: Ageing: Atmosphere | L38: Recommended | M38: =L38 -> Recommended | Q38: ERBO spec
A39: Metadaten | B39: Metadata | C39: geprüfter Werkstoff | D39: Tested material | E39: Werkstoff und Zustand | F39: Material and state | G39: Auslagerung: Heizrate | H39: Ageing: Heating rate | L39: Recommended | M39: =L39 -> Recommended | Q39: ERBO spec
A40: Metadaten | B40: Metadata | C40: geprüfter Werkstoff | D40: Tested material | E40: Werkstoff und Zustand | F40: Material and state | G40: Auslagerung: Temperatur | H40: Ageing: Temperature | L40: Recommended | M40: =L40 -> Recommended | Q40: ERBO spec
A41: Metadaten | B41: Metadata | C41: geprüfter Werkstoff | D41: Tested material | E41: Werkstoff und Zustand | F41: Material and state | G41: Auslagerung: Haltezeit | H41: Ageing: Soaking time | L41: Recommended | M41: =L41 -> Recommended | Q41: ERBO spec
A42: Metadaten | B42: Metadata | C42: geprüfter Werkstoff | D42: Tested material | E42: Werkstoff und Zustand | F42: Material and state | G42: Auslagerung: Kühlrate | H42: Ageing: Cooling rate | L42: Recommended | M42: =L42 -> Recommended | Q42: ERBO spec
A43: Metadaten | B43: Metadata | C43: geprüfter Werkstoff | D43: Tested material | E43: Werkstoff und Zustand | F43: Material and state | G43: Chemische Zusammensetzung, nominal | H43: Chemical composition, nominal | L43: Mandatory | M43: =L43 -> Mandatory | Q43: ERBO spec
A44: Metadaten | B44: Metadata | C44: geprüfter Werkstoff | D44: Tested material | E44: Werkstoff und Zustand | F44: Material and state | G44: Chemische Zusammensetzung, gemessen (inkl. Messunsicherheit) | H44: Chemical composition, measured (including precision) | L44: Mandatory | M44: =L44 -> Mandatory | Q44: ERBO spec
A45: Metadaten | B45: Metadata | C45: geprüfter Werkstoff | D45: Tested material | E45: Werkstoff und Zustand | F45: Material and state | G45: Angaben zum Rohling: Lieferant | H45: Geometry/dimensions of blank | L45: Mandatory | M45: =L45 -> Mandatory | N45: drop down + other | Q45: Doncasters
A46: Metadaten | B46: Metadata | C46: geprüfter Werkstoff | D46: Tested material | E46: Werkstoff und Zustand | F46: Material and state | G46: Angaben zum Rohling: Geometrie/Abmessungen | H46: Blank: Geometry/Dimensions | L46: Mandatory | M46: =L46 -> Mandatory | N46: drop down + other | Q46: Doncasters
A47: Metadaten | B47: Metadata | C47: geprüfter Werkstoff | D47: Tested material | E47: Werkstoff und Zustand | F47: Material and state | G47: Angaben zum Rohling: Lieferdatum | H47: Blank: date of supply | L47: Mandatory | M47: =L47 -> Mandatory | Q47: Doncasters
A48: Metadaten | B48: Metadata | C48: geprüfter Werkstoff | D48: Tested material | E48: Werkstoff und Zustand | F48: Material and state | G48: Angaben zum Rohling: Auftragsnummer | H48: Blank: order number | L48: Mandatory | M48: =L48 -> Mandatory | Q48: Doncasters
A49: Metadaten | B49: Metadata | C49: geprüfter Werkstoff | D49: Tested material | E49: Werkstoff und Zustand | F49: Material and state | G49: Angaben zum Rohling: Probenbezeichnung vom Lieferant | H49: Blank: supplier sample ID | L49: Mandatory | M49: =L49 -> Mandatory | Q49: Doncasters
A50: Metadaten | B50: Metadata | C50: geprüfter Werkstoff | D50: Tested material | E50: Werkstoff und Zustand | F50: Material and state | G50: Mikrogefüge: Wärmebehandlungszustand (lösungsgeglüht, ausgehärtet, …) | H50: Microstructure: Heat treatment condition (annealed, hardened, …) | L50: Mandatory | M50: =L50 -> Mandatory | Q50: paper
A51: Metadaten | B51: Metadata | C51: geprüfter Werkstoff | D51: Tested material | E51: Werkstoff und Zustand | F51: Material and state | G51: Mikrogefüge: Durchführung der Prüfung | H51: Microstructure: Type of investigation | L51: Recommended | M51: =L51 -> Recommended | Q51: paper
A52: Metadaten | B52: Metadata | C52: geprüfter Werkstoff | D52: Tested material | E52: Werkstoff und Zustand | F52: Material and state | G52: Mikrogefüge: volls. gelöste und wieder ausgeschiedene gamma-gamma'-Bereiche | H52: Microstructure: completely dissolved and re-precipitated gamma-gamma' regions | J52: % | L52: Recommended | M52: =L52 -> Recommended | N52: numerical value | P52: link | Q52: paper
A53: Metadaten | B53: Metadata | C53: geprüfter Werkstoff | D53: Tested material | E53: Werkstoff und Zustand | F53: Material and state | G53: Mikrogefüge: gamma'-Volume | H53: Microstructure: gamma'-Volume | J53: % | L53: Recommended | M53: =L53 -> Recommended | N53: numerical value | P53: link | Q53: paper
A54: Metadaten | B54: Metadata | C54: geprüfter Werkstoff | D54: Tested material | E54: Werkstoff und Zustand | F54: Material and state | G54: Mikrogefüge: SX/PX | H54: Microstructure: SX/PX | J54: % | L54: Recommended | M54: =L54 -> Recommended | N54: numerical value | P54: link | Q54: paper
A55: Metadaten | B55: Metadata | C55: geprüfter Werkstoff | D55: Tested material | E55: Werkstoff und Zustand | F55: Material and state | G55: Mikrogefüge: Gamma'-Teilchengröße, durchschnitliche Größe | H55: Microstructure: Gamma'-particles', average size | J55: µm | L55: Recommended | M55: =L55 -> Recommended | N55: numerical value | P55: link | Q55: paper
A56: Metadaten | B56: Metadata | C56: geprüfter Werkstoff | D56: Tested material | E56: Werkstoff und Zustand | F56: Material and state | G56: Mikrogefüge: Gamma'-Teilchengröße, maximale Größe | H56: Microstructure: Gamma'-particles', maximum size | J56: µm | L56: Recommended | M56: =L56 -> Recommended | N56: numerical value | P56: link | Q56: paper
A57: Metadaten | B57: Metadata | C57: geprüfter Werkstoff | D57: Tested material | E57: Werkstoff und Zustand | F57: Material and state | G57: Mikrogefüge: Anschmelzungen | H57: Microstructure: Heat treatment condition | J57: % | L57: Recommended | M57: =L57 -> Recommended | N57: numerical value | P57: link | Q57: paper
A58: Metadaten | B58: Metadata | C58: geprüfter Werkstoff | D58: Tested material | E58: Werkstoff und Zustand | F58: Material and state | G58: Mikrogefüge: Dendriten-Abstand | H58: Microstructure: dendrites spacing | J58: % | L58: Recommended | M58: =L58 -> Recommended | N58: numerical value | P58: link | Q58: paper
A59: Metadaten | B59: Metadata | C59: geprüfter Werkstoff | D59: Tested material | E59: Werkstoff und Zustand | F59: Material and state | G59: Microgefüge nach dem Versuch (SX/PX, gprime-Vol, gprime-size, Dendriten) | H59: Microstructure after test (SX/PX, gprime-Vol, gprime-size, dendrites) | L59: Recommended | M59: =L59 -> Recommended | P59: link
A60: Metadaten | B60: Metadata | C60: geprüfter Werkstoff | D60: Tested material | E60: Werkstoff und Zustand | F60: Material and state | G60: Mikrogefüge: Bilder der Mikrostruktur vor und nach Belastung | H60: Microstructure: images of the microstructure before loading | L60: Recommended | M60: =L60 -> Recommended | Q60: paper
A61: Metadaten | B61: Metadata | C61: geprüfter Werkstoff | D61: Tested material | E61: Werkstoff und Zustand | F61: Material and state | G61: Mikrogefüge: Bilder der Mikrostruktur vor und nach Belastung | H61: Microstructure: images of the microstructure after loading | L61: Recommended | M61: =L61 -> Recommended | Q61: paper
A62: Metadaten | B62: Metadata | C62: geprüfter Werkstoff | D62: Tested material | E62: Werkstoff und Zustand | F62: Material and state | G62: Zugversuchskennwerte bei festgelegter Prüftemperatur vorhanden? | H62: Tensile properties at testing temperature available? | L62: Mandatory
A63: Metadaten | B63: Metadata | C63: geprüfter Werkstoff | D63: Tested material | E63: Werkstoff und Zustand | F63: Material and state | G63: 0,2 % Dehngrenze bei festgelegter Prüftemperatur | H63: Yield strength at creep testing temperature | L63: Recommended
A64: Metadaten | B64: Metadata | C64: geprüfter Werkstoff | D64: Tested material | E64: Werkstoff und Zustand | F64: Material and state | G64: Nachweis der Einkristallinität | H64: Proof of syngle crystallinity | L64: Mandatory | M64: =L64 -> Mandatory
A65: Metadaten | B65: Metadata | C65: geprüfter Werkstoff | D65: Tested material | E65: Werkstoff und Zustand | F65: Material and state | G65: Einkristallorientierung | H65: Single Crystall Orientation | J65: hkl/Theta,Rho | L65: Mandatory | M65: =L65 -> Mandatory | Q65: xls | R65: Test specific
A66: Metadaten | B66: Metadata | C66: geprüfter Werkstoff | D66: Tested material | E66: Werkstoff und Zustand | F66: Material and state | G66: Winkelorientierung | H66: Angle orientation | L66: Mandatory | M66: =L66 -> Mandatory
A67: Metadaten | B67: Metadata | C67: geprüfter Werkstoff | D67: Tested material | E67: Werkstoff und Zustand | F67: Material and state | G67: Angaben zu Rissprüfung | H67: Crack inspection details | L67: Mandatory | M67: =L67 -> Mandatory
A68: Metadaten | B68: Metadata | C68: geprüfter Werkstoff | D68: Tested material | E68: Werkstoff und Zustand | F68: Material and state | G68: Röntgenfilm? | H68: X-Ray film? | L68: Mandatory | M68: =L68 -> Mandatory
A69: Metadaten | B69: Metadata | C69: geprüfter Werkstoff | D69: Tested material | E69: Werkstoff und Zustand | F69: Material and state | G69: Korndefektkarten? | H69: Grain Defects maps? | L69: Mandatory | M69: =L69 -> Mandatory
A70: Metadaten | B70: Metadata | C70: geprüfter Werkstoff | D70: Tested material | E70: Probe | F70: Test piece | G70: Probenbezeichnung | H70: Test piece ID | L70: Mandatory | M70: =L70 -> Mandatory | Q70: --- | R70: Test specific
A71: Metadaten | B71: Metadata | C71: geprüfter Werkstoff | D71: Tested material | E71: Probe | F71: Test piece | G71: Probenform | H71: Type of test piece | L71: Mandatory | M71: =L71 -> Mandatory | Q71: paper | R71: Test specific
A72: Metadaten | B72: Metadata | C72: geprüfter Werkstoff | D72: Tested material | E72: Probe | F72: Test piece | G72: Probenzeichnung | H72: Test piece technical drawing | L72: Recommended | M72: =L72 -> Recommended | Q72: paper | R72: All tests of data set
A73: Metadaten | B73: Metadata | C73: geprüfter Werkstoff | D73: Tested material | E73: Probe | F73: Test piece | G73: Entnahmestelle der Probe im Rohling | H73: Location of the sample in the blank | L73: Recommended | M73: =L73 -> Recommended | Q73: ? | R73: All tests of data set
A74: Metadaten | B74: Metadata | C74: geprüfter Werkstoff | D74: Tested material | E74: Probe | F74: Test piece | G74: Positionierung (Laue, precision) | H74: Positioning (Laue, precision) | L74: Recommended | M74: =L74 -> Recommended | Q74: paper | R74: All tests of data set
A75: Metadaten | B75: Metadata | C75: Prüf- und Messmittel | D75: Testing and measuring equipment | G75: Bibliographische Information | H75: Bibliographic information
A76: Metadaten | B76: Metadata | C76: Prüf- und Messmittel | D76: Testing and measuring equipment | E76: Prüfmaschine | F76: Testing machine | G76: Prüfmaschinenbezeichnung | H76: Testing machine ID | L76: Mandatory | M76: =L76 -> Mandatory | Q76: --- | R76: Test specific
A77: Metadaten | B77: Metadata | C77: Prüf- und Messmittel | D77: Testing and measuring equipment | E77: Prüfmaschine | F77: Testing machine | G77: max. Prüfkraft | H77: max. applied force | J77: kN | L77: Not Mandatory | M77: =L77 -> Not Mandatory | Q77: --- | R77: All tests of data set
A78: Metadaten | B78: Metadata | C78: Prüf- und Messmittel | D78: Testing and measuring equipment | E78: Prüfmaschine | F78: Testing machine | G78: Datenerfassungsgerät | H78: Data acquisition equipment | L78: Not Mandatory | M78: =L78 -> Not Mandatory | Q78: ? | R78: All tests of data set
A79: Metadaten | B79: Metadata | C79: Prüf- und Messmittel | D79: Testing and measuring equipment | E79: Temperatur-Regelung | F79: Temperature control | G79: Regelung über Thermoelementen an Probe/über Ofen | H79: Control via thermocouples on sample/via furnace) | L79: Not Mandatory | M79: =L79 -> Not Mandatory | Q79: paper
A80: Metadaten | B80: Metadata | C80: Prüf- und Messmittel | D80: Testing and measuring equipment | E80: Temperatur-Regelung | F80: Temperature control | G80: Thermoelemente: Typ | H80: Thermocouple: type | L80: Recommended | M80: =L80 -> Recommended | Q80: paper | R80: Test specific
A81: Metadaten | B81: Metadata | C81: Prüf- und Messmittel | D81: Testing and measuring equipment | E81: Temperatur-Regelung | F81: Temperature control | G81: Thermoelemente: Anzahl | H81: Thermocouple: quantity | L81: Recommended | M81: =L81 -> Recommended | Q81: paper | R81: Test specific
A82: Metadaten | B82: Metadata | C82: Prüf- und Messmittel | D82: Testing and measuring equipment | E82: Temperatur-Regelung | F82: Temperature control | G82: Gerätnummer-Thermoelement(e) | H82: Equipment ID - thermocouple(s) | L82: Mandatory | M82: =L82 -> Mandatory | Q82: --- | R82: Test specific
A83: Metadaten | B83: Metadata | C83: Prüf- und Messmittel | D83: Testing and measuring equipment | E83: Temperatur-Regelung | F83: Temperature control | G83: Messverstärker | H83: Measurement Amplifier | L83: Not Mandatory | M83: =L83 -> Not Mandatory | Q83: ? | R83: Test specific
A84: Metadaten | B84: Metadata | C84: Prüf- und Messmittel | D84: Testing and measuring equipment | E84: Temperatur-Regelung | F84: Temperature control | G84: Gerätnummer-Messverstärker | H84: Equipment ID - Measurement Amplifier | L84: Mandatory | M84: =L84 -> Mandatory | Q84: --- | R84: Test specific
A85: Metadaten | B85: Metadata | C85: Prüf- und Messmittel | D85: Testing and measuring equipment | E85: Dehnungsmessgerät | F85: Extensometer | G85: Dehnungsmessgerät Modellinfo | H85: Extensometer model information | L85: Recommended | M85: =L85 -> Recommended | Q85: paper | R85: Test specific
A86: Metadaten | B86: Metadata | C86: Prüf- und Messmittel | D86: Testing and measuring equipment | E86: Dehnungsmessgerät | F86: Extensometer | G86: Gerätnummer-Dehnungsmessgerät | H86: Equipment ID - Extensometer | L86: Mandatory | M86: =L86 -> Mandatory | Q86: --- | R86: Test specific
A87: Metadaten | B87: Metadata | C87: Prüf- und Messmittel | D87: Testing and measuring equipment | E87: Dehnungsmessgerät | F87: Extensometer | G87: Nennmesslänge | H87: Nominal gauge length | L87: Recommended | M87: =L87 -> Recommended | Q87: ? | R87: Test specific
A88: Metadaten | B88: Metadata | C88: Prüf- und Messmittel | D88: Testing and measuring equipment | E88: Dehnungsmessgerät | F88: Extensometer | G88: Dehnungsbereich - Obergrenze | H88: Extension range - Upper limit | J88: % | L88: Recommended | M88: =L88 -> Recommended | Q88: --- | R88: Test specific
A89: Metadaten | B89: Metadata | C89: Prüf- und Messmittel | D89: Testing and measuring equipment | E89: Dehnungsmessgerät | F89: Extensometer | G89: Dehnungsbereich - Untergrenze | H89: Extension range - Lower limit | J89: % | L89: Recommended | M89: =L89 -> Recommended | Q89: ---
A90: Primärdaten | B90: Primary data | C90: Prüfergebnisse | D90: Test results | G90: Bibliographische Information | H90: Bibliographic information
A91: Primärdaten | B91: Primary data | C91: Prüfergebnisse | D91: Test results | E91: Zustand zu Versuchsbeginn | F91: State at test start | G91: min. Probendurchmesser bei RT | H91: Min. test piece diameter at room temperature | J91: mm | L91: Mandatory | M91: =L91 -> Mandatory | Q91: paper | R91: Test specific
A92: Primärdaten | B92: Primary data | C92: Prüfergebnisse | D92: Test results | E92: Zustand zu Versuchsbeginn | F92: State at test start | G92: Anfangsmesslänge | H92: Original gauge length | I92: Lo | J92: mm | L92: Mandatory | M92: =L92 -> Mandatory | Q92: paper
A93: Primärdaten | B93: Primary data | C93: Prüfergebnisse | D93: Test results | E93: Zustand zu Versuchsbeginn | F93: State at test start | G93: Bezugslänge zur Berechnung der Dehnung | H93: Reference length for calculation of percentage elongations | I93: Lr (Lo) | J93: mm | L93: Mandatory | M93: =L93 -> Mandatory | Q93: --- | R93: Test specific
A94: Primärdaten | B94: Primary data | C94: Prüfergebnisse | D94: Test results | E94: Zustand zu Versuchsbeginn | F94: State at test start | G94: Extensometer-Messlänge | H94: Extensometer gauge length | I94: Le | J94: mm | L94: Mandatory | M94: =L94 -> Mandatory | Q94: ?
A95: Primärdaten | B95: Primary data | C95: Prüfergebnisse | D95: Test results | E95: Zustand zu Versuchsbeginn | F95: State at test start | G95: Bezugslänge zur Berechnung von Extensometer-Dehnungen | H95: Reference length for calculation of percentage extensions | I95: Lr (Le) | J95: mm | L95: Mandatory | M95: =L95 -> Mandatory | Q95: --- | R95: Test specific
A96: Primärdaten | B96: Primary data | C96: Prüfergebnisse | D96: Test results | E96: Versuchsablauf | F96: Test sequence | G96: verstrichene Zeit seit Ende der Lastaufbringung | H96: Elapsed time from end of loading | I96: t | J96: h | L96: Mandatory | M96: =L96 -> Mandatory | Q96: ? | R96: Test specific
A97: Primärdaten | B97: Primary data | C97: Prüfergebnisse | D97: Test results | E97: Versuchsablauf | F97: Test sequence | G97: Verlängerung (der Extensometer-Messlänge) | H97: Extension | I97: ΔLet | J97: mm | L97: Not Mandatory | M97: =L97 -> Not Mandatory | Q97: --- | R97: Test specific
A98: Primärdaten | B98: Primary data | C98: Prüfergebnisse | D98: Test results | E98: Versuchsablauf | F98: Test sequence | G98: Aufheizzeit | H98: Heating time | J98: h | L98: Not Mandatory | M98: =L98 -> Not Mandatory | Q98: paper | R98: Test specific
A99: Primärdaten | B99: Primary data | C99: Prüfergebnisse | D99: Test results | E99: Versuchsablauf | F99: Test sequence | G99: Haltezeit | H99: Soak time | J99: h | L99: Not Mandatory | M99: =L99 -> Not Mandatory | Q99: ? | R99: Test specific
A100: Primärdaten | B100: Primary data | C100: Prüfergebnisse | D100: Test results | E100: Versuchsablauf | F100: Test sequence | G100: Versuchsdauer | H100: Test duration | J100: h | L100: Mandatory | M100: =L100 -> Mandatory | Q100: xls | R100: Test specific
A101: Primärdaten | B101: Primary data | C101: Prüfergebnisse | D101: Test results | E101: Zustand nach Versuchsende | F101: State at end of test | G101: Bruchzeit | H101: Creep rupture time | I101: tu | J101: h | L101: Mandatory | M101: =L101 -> Mandatory | Q101: xls | R101: Test specific
A102: Primärdaten | B102: Primary data | C102: Prüfergebnisse | D102: Test results | E102: Zustand nach Versuchsende | F102: State at end of test | G102: Bruchlage (wenn außerhalb der mittleren zwei Drittel der parallelen Länge) | H102: Position of the fracture (when outside of central two thirds of the parallel length) | L102: Mandatory | M102: =L102 -> Mandatory | Q102: paper
...

Sheet Vocabulary-list-EN
A1: ITEM | B1: DESCRIPTION
A2: ='2023-16-05_BAM-RUB'!I5 -> Test date | B2: Specific date on which the creep test started.
A3: ='2023-16-05_BAM-RUB'!I6 -> Test ID | B3: Unique designation (alphanumeric code, name, or other unique designations) assigned to the creep test for identification purposes.
A4: ='2023-16-05_BAM-RUB'!I7 -> Project | B4: Name or designation of the project where the creep test is conducted.
A5: ='2023-16-05_BAM-RUB'!I8 -> Operator | B5: Designation of the individual who performed the test.
A6: ='2023-16-05_BAM-RUB'!I9 -> Testing Standard | B6: Name of the testing standard under which the creep test was conducted, if applicable.
A7: ='2023-16-05_BAM-RUB'!I10 -> Specified Temperature | B7: Target value of the test temperature.
A8: ='2023-16-05_BAM-RUB'!I11 -> Initial stress | B8: Specified stress for the creep test. It is the target value of the stress in the test piece at the beginning of the test, after it has been heated up to the specified temperature. In a creep test conducted unter constant tensile force, it will change over the test's duration, as the specimen deforms.
A9: ='2023-16-05_BAM-RUB'!I12 -> Test type (interrupted/not interrupted) | B9: Indication whether the test was interrupted or not before failure. Interruptions can be done, e.g, to perform complementary investigations or measurements or when the goal is to reach a specified creep extension.
A10: ='2023-16-05_BAM-RUB'!I13 -> End of experiment (time limit/test piece break/extension limit) | B10: Indication about the decision criterion to end the experiment.
A11: ='2023-16-05_BAM-RUB'!I14 -> Test force | B11: In a creep test conducted unter constant tensile force, force that is applied to the test piece at the test temperature. It is determined with the initial stress and the diameter of the test piece.
A12: ='2023-16-05_BAM-RUB'!I15 -> Material ID | B12: Unique designation (alphanumeric code, name, or other unique designations) assigned to the tested material for identification purposes.
A13: ='2023-16-05_BAM-RUB'!I16 -> Manufacturing process
A14: ='2023-16-05_BAM-RUB'!I17 -> Heat treatment
A15: ='2023-16-05_BAM-RUB'!I18 -> Material ID
A16: ='2023-16-05_BAM-RUB'!I19 -> Manufacturing: Melting
A17: ='2023-16-05_BAM-RUB'!I20 -> Manufacturing: Casting
A18: ='2023-16-05_BAM-RUB'!I21 -> Manufacturing: Remelting
A19: ='2023-16-05_BAM-RUB'!I22 -> Manufacturing: Atmosphere
A20: ='2023-16-05_BAM-RUB'!I23 -> Manufacturing: Single or polycrystal solidified
A21: ='2023-16-05_BAM-RUB'!I24 -> Manufacturing: Thermomechanical treatment
A22: ='2023-16-05_BAM-RUB'!I26 -> Heat treatment: Atmosphere
A23: ='2023-16-05_BAM-RUB'!I27 -> Heat treatment: Heating rate
A24: ='2023-16-05_BAM-RUB'!I28 -> Heat treatment: Temperature
A25: ='2023-16-05_BAM-RUB'!I29 -> Heat treatment: Soaking time
A26: ='2023-16-05_BAM-RUB'!I30 -> Heat treatment: Cooling rate
A27: ='2023-16-05_BAM-RUB'!I31 -> Heat treatment: Information on second stage, if applicable
A28: ='2023-16-05_BAM-RUB'!I33 -> Ageing: Atmosphere
A29: ='2023-16-05_BAM-RUB'!I34 -> Ageing: Heating rate
A30: ='2023-16-05_BAM-RUB'!I35 -> Ageing: Temperature
A31: ='2023-16-05_BAM-RUB'!I36 -> Ageing: Soaking time
A32: ='2023-16-05_BAM-RUB'!I37 -> Ageing: Cooling rate
A33: ='2023-16-05_BAM-RUB'!I38 -> Chemical composition
A34: ='2023-16-05_BAM-RUB'!I39 -> Geometry/dimensions of blank
A35: ='2023-16-05_BAM-RUB'!I40 -> Microstructure: Heat treatment condition (annealed, hardened, …)
A36: ='2023-16-05_BAM-RUB'!I41 -> Microstructure: Type of investigation (metallography, …)
A37: ='2023-16-05_BAM-RUB'!I42 -> Microstructure: completely dissolved and re-precipitated gamma-gamma' regions
A38: ='2023-16-05_BAM-RUB'!I45 -> Microstructure: Gamma'-particles', average size
A39: ='2023-16-05_BAM-RUB'!I46 -> Microstructure: Gamma'-particles', maximum size
A40: ='2023-16-05_BAM-RUB'!I47 -> Microstructure: Heat treatment condition
A41: ='2023-16-05_BAM-RUB'!I52 -> Proof of syngle crystallinity
A42: ='2023-16-05_BAM-RUB'!I53 -> Single Crystall Orientation
A43: ='2023-16-05_BAM-RUB'!I54 -> Angle orientation
A44: ='2023-16-05_BAM-RUB'!I55 -> Crack inspection details
A45: ='2023-16-05_BAM-RUB'!I56 -> X-Ray film?
A46: ='2023-16-05_BAM-RUB'!I57 -> Grain Defects maps?
A47: ='2023-16-05_BAM-RUB'!I58 -> Test piece ID
A48: ='2023-16-05_BAM-RUB'!I59 -> Type of test piece
A49: ='2023-16-05_BAM-RUB'!I60 -> Test piece technical drawing
A50: ='2023-16-05_BAM-RUB'!I61 -> Location of the sample in the blank
A51: ='2023-16-05_BAM-RUB'!I63 -> Testing machine ID
A52: ='2023-16-05_BAM-RUB'!I64 -> max. applied force
A53: ='2023-16-05_BAM-RUB'!I65 -> Data acquisition equipment
A54: ='2023-16-05_BAM-RUB'!I66 -> Control via thermocouples on sample/via furnace)
A55: ='2023-16-05_BAM-RUB'!I67 -> Thermocouple: type
A56: ='2023-16-05_BAM-RUB'!I68 -> Thermocouple: quantity
A57: ='2023-16-05_BAM-RUB'!I69 -> Equipment ID - thermocouple(s)
A58: ='2023-16-05_BAM-RUB'!I70 -> Measurement Amplifier
A59: ='2023-16-05_BAM-RUB'!I71 -> Equipment ID - Measurement Amplifier
A60: ='2023-16-05_BAM-RUB'!I72 -> Extensometer model information
A61: ='2023-16-05_BAM-RUB'!I73 -> Equipment ID - Extensometer
A62: ='2023-16-05_BAM-RUB'!I74 -> Nominal gauge length
... A91: ='2023-16-05_BAM-RUB'!I103 -> Percentage creep extension

Sheet Vocabulary-list-DE
A1: ITEM | B1: DESCRIPTION
A2: ='2023-16-05_BAM-RUB'!H5 -> Versuchsdatum
A3: ='2023-16-05_BAM-RUB'!H6 -> Versuchs-ID
A4: ='2023-16-05_BAM-RUB'!H7 -> Projekt
A5: ='2023-16-05_BAM-RUB'!H8 -> Bearbeiter
A6: ='2023-16-05_BAM-RUB'!H9 -> Prüfnorm
A7: ='2023-16-05_BAM-RUB'!H10 -> festgelegte Prüftemperatur
A8: ='2023-16-05_BAM-RUB'!H11 -> Prüfspannung
A9: ='2023-16-05_BAM-RUB'!H12 -> Versuchsart (unterbrochen/nicht unterbrochen)
A10: ='2023-16-05_BAM-RUB'!H13 -> Versuchsende (Zeitvorgabe/Probenbruch/Dehnungsvorgabe)
A11: ='2023-16-05_BAM-RUB'!H14 -> Prüfkraft
A12: ='2023-16-05_BAM-RUB'!H15 -> Werkstoffbezeichnung
A13: ='2023-16-05_BAM-RUB'!H16 -> Fertigungsverfahren
... A21: ='2023-16-05_BAM-RUB'!H24 -> Herstellung: Thermomechanische Behandlung
A22: ='2023-16-05_BAM-RUB'!H26 -> Wärmebehandlung: Atmosphäre
A23: ='2023-16-05_BAM-RUB'!H27 -> Wärmebehandlung: Heizrate
A24: ='2023-16-05_BAM-RUB'!H28 -> Wärmebehandlung: Temperatur
A25: ='2023-16-05_BAM-RUB'!H29 -> Wärmebehandlung: Haltezeit
A26: ='2023-16-05_BAM-RUB'!H30 -> Wärmebehandlung: Kühlrate
A27: ='2023-16-05_BAM-RUB'!H31 -> Wärmebehandlung: ggf. Angaben zu zweiter Stufe
A28: ='2023-16-05_BAM-RUB'!H33 -> Auslagerung: Atmosphäre
A29: ='2023-16-05_BAM-RUB'!H34 -> Auslagerung: Heizrate
A30: ='2023-16-05_BAM-RUB'!H35 -> Auslagerung: Temperatur
A31: ='2023-16-05_BAM-RUB'!H36 -> Auslagerung: Haltezeit
A32: ='2023-16-05_BAM-RUB'!H37 -> Auslagerung: Kühlrate
A33: ='2023-16-05_BAM-RUB'!H38 -> Chemische Zusammensetzung
A34: ='2023-16-05_BAM-RUB'!H39 -> Geometrie/Abmessungen des Rohlings
A35: ='2023-16-05_BAM-RUB'!H40 -> Mikrogefüge: Wärmebehandlungszustand
A36: ='2023-16-05_BAM-RUB'!H41 -> Mikrogefüge: Durchführung der Prüfung
A37: ='2023-16-05_BAM-RUB'!H42 -> Mikrogefüge: volls. gelöste und wieder ausgeschiedene gamma-gamma'-Bereiche
A38: ='2023-16-05_BAM-RUB'!H45 -> Mikrogefüge: Gamma'-Teilchengröße, durchschnitliche Größe
A39: ='2023-16-05_BAM-RUB'!H46 -> Mikrogefüge: Gamma'-Teilchengröße, maximale Größe
A40: ='2023-16-05_BAM-RUB'!H47 -> Mikrogefüge: Anschmelzungen
A41: ='2023-16-05_BAM-RUB'!H52 -> Nachweis der Einkristallinität
A42: ='2023-16-05_BAM-RUB'!H53 -> Einkristallorientierung
A43: ='2023-16-05_BAM-RUB'!H54 -> Winkelorientierung
A44: ='2023-16-05_BAM-RUB'!H55 -> Angaben zu Rissprüfung
A45: ='2023-16-05_BAM-RUB'!H56 -> Röntgenfilm?
A46: ='2023-16-05_BAM-RUB'!H57 -> Korndefektkarten?
A47: ='2023-16-05_BAM-RUB'!H58 -> Probenbezeichnung
A48: ='2023-16-05_BAM-RUB'!H59 -> Probenform
A49: ='2023-16-05_BAM-RUB'!H60 -> Probenzeichnung
A50: ='2023-16-05_BAM-RUB'!H61 -> Entnahmestelle der Probe im Rohling
A51: ='2023-16-05_BAM-RUB'!H63 -> Prüfmaschinenbezeichnung
A52: ='2023-16-05_BAM-RUB'!H64 -> max. Prüfkraft
A53: ='2023-16-05_BAM-RUB'!H65 -> Datenerfassungsgerät
A54: ='2023-16-05_BAM-RUB'!H66 -> Regelung über Thermoelementen an Probe/über Ofen
A55: ='2023-16-05_BAM-RUB'!H67 -> Thermoelemente: Typ
A56: ='2023-16-05_BAM-RUB'!H68 -> Thermoelemente: Anzahl
A57: ='2023-16-05_BAM-RUB'!H69 -> Gerätnummer-Thermoelement(e)
A58: ='2023-16-05_BAM-RUB'!H70 -> Messverstärker
A59: ='2023-16-05_BAM-RUB'!H71 -> Gerätnummer-Messverstärker
A60: ='2023-16-05_BAM-RUB'!H72 -> Dehnungsmessgerät Modellinfo
A61: ='2023-16-05_BAM-RUB'!H73 -> Gerätnummer-Dehnungsmessgerät
A62: ='2023-16-05_BAM-RUB'!H74 -> Nennmesslänge
... A91: ='2023-16-05_BAM-RUB'!H103 -> Extensometer-Kriechdehnung
