Workbook

Sheet Data-Schema-Creep_v1.1
C1: DATA SCHEMA FOR CREEP DATA OF NI-BASED SUPERALLOYS
C2: DOI: 10.5281/zenodo.11668375
D4: This version of the data schema covers creep tests with the following features: - It considers single- and poly-crystalline specimen material - Terminology is aligned with ISO 204: 2022 - Creep test under tension and constant force - Temperature measurement with thermocouples - Contacting extensometer system Columns B to E are categories that define the overarching structure of the schema. Columns F to H are the single entries with the respective symbol and unit, if applicable. The units are community-common units. Column I is the data type. It should give a first hint on how to answer to each entry field. Column J provides exemplary answers for most of the entries and the options of the related drop-down list, if applicable. Column K is the requirement profile (see text on the right). Column L includes further explanations on the requirement and on the applicability of some entries. | F4: The Requirement Profile (column K) is for the highest quality class of reference datasets which shall enable the following usages: 1. Checking own creep test results on nominally similar material 2. Verification of own testing set-up (e.g. by testing same/similar material) 3. Using the data as input data for simulations of creep behavior for design and alloy development The requirement profile given in column K refers to the highest quality level of reference creep data, taken from calibrated instruments. Other quality classes or typical research datasets require less documentation. Our current definition for reference data of materials is available here: https://doi.org/10.5281/zenodo.11667673
K6: Mandatory
K7: Optional
A8: ROW | B8: CATEGORY I | C8: CATEGORY II | D8: CATEGORY III | E8: CATEGORY IV (Detailed Information) | F8: ENTRY | G8: SYMBOL | H8: UNIT | I8: DATA TYPE | J8: EXEMPLARY ANSWER / OPTIONS (IN CASE OF DROP-DOWN LIST) | K8: REQUIREMENT | L8: COMMENT
A9: 1 | B9: Metadata | C9: Test info | D9: Test job details | F9: Date of test start | I9: Date | J9: 45041 | K9: Mandatory
A10: 2 | B10: Metadata | C10: Test info | D10: Test job details | F10: Data of test end | I10: Date | J10: 45061.5 | K10: Mandatory
A11: 3 | B11: Metadata | C11: Test info | D11: Test job details | F11: Test ID | I11: Alphanumeric | J11: Vh5205-C-99 | K11: Mandatory
A12: 4 | B12: Metadata | C12: Test info | D12: Test job details | F12: Project | I12: Alphanumeric | J12: NFDI-MatWerk | K12: Optional
A13: 5 | B13: Metadata | C13: Test info | D13: Test job details | F13: Test order | I13: Alphanumeric | K13: Optional
A14: 6 | B14: Metadata | C14: Test info | D14: Test parameters | F14: Was the test performed according to a test standard? | I14: Drop-down list | J14: Yes / No | K14: Mandatory | L14: "Yes" is mandatory
A15: 7 | B15: Metadata | C15: Test info | D15: Test parameters | F15: Test standard | I15: Alphanumeric | J15: ISO 204 / ASTM E139 | K15: Mandatory | L15: Applicable if test performed according to a test standard (row 6)
A16: 8 | B16: Metadata | C16: Test info | D16: Test parameters | F16: Specified temperature | G16: T | H16: ℃ | I16: Numeric | J16: 980 | K16: Mandatory
A17: 9 | B17: Metadata | C17: Test info | D17: Test parameters | F17: Type of loading | I17: Drop-down list | J17: Tension / Compression / Bending | K17: Mandatory
A18: 10 | B18: Metadata | C18: Test info | D18: Test parameters | F18: Load control type | I18: Drop-down list | J18: Constant force / Constant stress | K18: Mandatory
A19: 11 | B19: Metadata | C19: Test info | D19: Test parameters | F19: Initial stress | G19: Ro | H19: MPa | I19: Numeric | J19: 170 | K19: Mandatory
A20: 12 | B20: Metadata | C20: Test info | D20: Test parameters | F20: Test type | I20: Drop-down list | J20: Uninterrupted creep tests with continuous monitoring of extension / Interrupted creep tests with periodic measurement of elongation / Stress rupture tests where normally only the time to fracture is measured | K20: Mandatory
A21: 13 | B21: Metadata | C21: Test info | D21: Test parameters | F21: End of test criterium | I21: Drop-down list | J21: Test piece break / Time limit / Extension limit | K21: Mandatory
A22: 14 | B22: Metadata | C22: Test info | D22: Test parameters | F22: End of test criterium - value (if not test piece break) | I22: Numeric | K22: Mandatory
A23: 15 | B23: Metadata | C23: Test info | D23: Test parameters | F23: Interruption course | I23: Drop-down list | J23: Unloading before cooling / Unloading after cooling | K23: Mandatory
A24: 16 | B24: Metadata | C24: Test info | D24: Test parameters | F24: Test force | H24: kN | I24: Numeric | J24: 5.1 | K24: Optional
A25: 17 | B25: Metadata | C25: Test info | D25: Test parameters | F25: Preload (Part of the test force) | H25: kN | I25: Numeric | J25: 0.2 | K25: Mandatory
A26: 18 | B26: Metadata | C26: Test info | D26: Test parameters | F26: Other additional information (e.g. if constant stress) | I26: Text | K26: Optional
A27: 19 | B27: Metadata | C27: Test info | D27: Related research outcome | F27: Related article(s) available? | I27: Drop-down list | J27: Yes / No | K27: Optional
A28: 20 | B28: Metadata | C28: Test info | D28: Related research outcome | F28: DOI Article 1 | I28: Alphanumeric / Link | J28: https://doi.org/10.1080/09603409.2016.1186414 | K28: Optional
A29: 21 | B29: Metadata | C29: Test info | D29: Related research outcome | F29: Short description of content article 1 | I29: Text | J29: Creep data as published | K29: Optional
A30: 22 | B30: Metadata | C30: Test info | D30: Related research outcome | F30: DOI Article 2 | I30: Alphanumeric / Link | J30: https://doi.org/10.1002/adem.201400136 | K30: Optional
A31: 23 | B31: Metadata | C31: Test info | D31: Related research outcome | F31: Short description of content article 2 | I31: Text | J31: Description of alloy composition, heat treatment and initial microstructure | K31: Optional
A32: 24 | B32: Metadata | C32: Test info | D32: Related research outcome | F32: DOI Article n | I32: Alphanumeric / Link | K32: Optional
A33: 25 | B33: Metadata | C33: Test info | D33: Related research outcome | F33: Short description of content article n | I33: Text | K33: Optional
A34: 26 | B34: Metadata | C34: Material related | D34: History and condition of the material | F34: (Digital) Material Identifier | I34: Alphanumeric | J34: NIMONIC 75 / 2.4630 / CMSX-6 / CMSX-4 / ERBO1 / … | K34: Mandatory
A35: 27 | B35: Metadata | C35: Material related | D35: History and condition of the material | E35: As-manufactured material | F35: Information on phase equilibrium | I35: Text / (Link to) File, preferably with machine-readable (meta)data | J35: Link to a TTT-curve | K35: Optional
A36: 28 | B36: Metadata | C36: Material related | D36: History and condition of the material | E36: As-manufactured material | F36: Type of as-manufactured material (Cast / Ingot / Extrusion rod / …) | I36: Text | J36: Cast / Ingot / Extrusion rod | K36: Mandatory
A37: 29 | B37: Metadata | C37: Material related | D37: History and condition of the material | E37: As-manufactured material | F37: Description of the as-manufactured material (geometry and dimensions) | I37: Alphanumeric / (Link to) Image or technical drawing | J37: Plate (140 mm x 100 mm x 20 mm) / (link to) image or technical drawing | K37: Mandatory
A38: 30 | B38: Metadata | C38: Material related | D38: History and condition of the material | E38: As-manufactured material | F38: Description of the manufacturing process - as-manufactured material | I38: Text | J38: Cast / Melting, Casting, and Remelting / Induction melting in air, casting into a circular ingot and then electroslag remelting | K38: Optional
A39: 31 | B39: Metadata | C39: Material related | D39: History and condition of the material | E39: As-manufactured material | F39: Casting temperature | H39: °C | I39: Numeric | K39: Optional
A40: 32 | B40: Metadata | C40: Material related | D40: History and condition of the material | E40: As-manufactured material | F40: Casting speed | I40: Numeric | K40: Optional
A41: 33 | B41: Metadata | C41: Material related | D41: History and condition of the material | E41: As-manufactured material | F41: Single or polycrystal solidified | I41: Drop-down list | J41: Single crystal / Polycrystal | K41: Mandatory
A42: 34 | B42: Metadata | C42: Material related | D42: History and condition of the material | E42: As-manufactured material | F42: Condition | I42: Drop-down list | J42: Heat treated / As manufactured | K42: Mandatory
A43: 35 | B43: Metadata | C43: Material related | D43: History and condition of the material | E43: As-tested material | F43: Supplier | I43: Alphanumeric | J43: Doncasters Precision Castings-Bochum GmbH | K43: Mandatory
A44: 36 | B44: Metadata | C44: Material related | D44: History and condition of the material | E44: As-tested material | F44: Description of the as-tested material (geometry and dimensions) - The test piece is manufactured from the tested material. | I44: Alphanumeric / (Link to) Image or technical drawing | J44: Plate of 30 mm, rectangular section taken from pipe wall / (Link to) Image or technical drawing | K44: Mandatory
A45: 37 | B45: Metadata | C45: Material related | D45: History and condition of the material | E45: As-tested material | F45: Description of the manufacturing process - as-tested material | I45: Text | J45: Cut out from the cast plate. No further heat treatment | K45: Mandatory
A46: 38 | B46: Metadata | C46: Material related | D46: History and condition of the material | E46: As-tested material | F46: Date of supply | I46: Date | K46: Mandatory
A47: 39 | B47: Metadata | C47: Material related | D47: History and condition of the material | E47: As-tested material | F47: Order number | I47: Alphanumeric | J47: 005735 / ERBO 1A Item 1 | K47: Optional
A48: 40 | B48: Metadata | C48: Material related | D48: History and condition of the material | E48: As-tested material | F48: Supplier sample ID | I48: Alphanumeric | K48: Optional
A49: 41 | B49: Metadata | C49: Material related | D49: History and condition of the material | E49: Heat treatment | F49: Heat treatment - State | I49: Drop-down list | J49: Annealed / Aged/Hardened | K49: Mandatory | L49: Applies if row 34 = Heat treated
A50: 42 | B50: Metadata | C50: Material related | D50: History and condition of the material | E50: Heat treatment | F50: Multistage annealing? | I50: Drop-down list | J50: Yes / No / N/A | K50: Optional
A51: 43 | B51: Metadata | C51: Material related | D51: History and condition of the material | E51: Heat treatment | F51: Multistage ageing? | I51: Drop-down list | J51: Yes / No / N/A | K51: Optional
A52: 44 | B52: Metadata | C52: Material related | D52: History and condition of the material | E52: Heat treatment | F52: Atmosphere | I52: Text | J52: Vacuum / Inert gas | K52: Optional
A53: 45 | B53: Metadata | C53: Material related | D53: History and condition of the material | E53: Heat treatment | F53: Heat treatment - Annealing - Description | I53: Alphanumeric | J53: Heat-up at 20 °C per min auf 1290 °C, Hold at 1290 °C 1h, Heat-up at 1°C per min to 1300 °C - 1315 °C, Hold at 1300 °C - 1315 °C for 6h. Cool down at 150 °C - 400 °C per min to ≤ 800 °C. Further cooling as required. | K53: Mandatory | L53: Applies if row 41 = Aged/Hardened
A54: 46 | B54: Metadata | C54: Material related | D54: History and condition of the material | E54: Heat treatment | F54: Heat treatment - Ageing - Description | I54: Alphanumeric | J54: Under inert gas at (1140 ± 10) °C 4 h / cooling down to 800 °C under inert gas, below 800 °C under inert gas or in air then: Under inert gas at (870 ± 10) °C 16 h cooling down to 800 °C under inert gas; below 800 °C to room temperature under inert gas or in air. | K54: Mandatory | L54: Applies if row 41 = Aged/Hardened
A55: 47 | B55: Metadata | C55: Material related | D55: History and condition of the material | E55: Heat treatment | F55: Heat treatment - Protocol file | I55: (Link to) File, preferably with machine-readable (meta)dataeta)data | J55: Link to protocol file | K55: Optional
A56: 48 | B56: Metadata | C56: Material related | D56: History and condition of the material | E56: Chemical composition | F56: Chemical composition - nominal | H56: wt.-% | I56: (Link to) File, preferably with machine-readable (meta)data or the possibility of adding the wt.-% value of each element in individual fields | J56: File | K56: Mandatory
A57: 49 | B57: Metadata | C57: Material related | D57: History and condition of the material | E57: Chemical composition | F57: Chemical composition - measured (including precision) | H57: wt.-% | I57: (Link to) File, preferably with machine-readable (meta)data or the possibility of adding the wt.-% value of each element in individual fields | J57: File | K57: Mandatory
A58: 50 | B58: Metadata | C58: Material related | D58: History and condition of the material | E58: Chemical composition | F58: Measurement method | I58: Alphanumeric | J58: X-ray fluorescence spectroscopy (XRF) was used for all major elements except for Re. Re contents were determined using inductive coupled plasma atomic emission spectroscopy (ICP-AES) | K58: Mandatory
A59: 51 | B59: Metadata | C59: Material related | D59: History and condition of the material | E59: Chemical composition | F59: Measuring point | I59: Drop-down list | J59: On test piece / On as-tested material / Other (Specify) | K59: Optional
A60: 52 | B60: Metadata | C60: Material related | D60: History and condition of the material | E60: Chemical composition | F60: Partitioning of alloy elements in microstructure (dendrite cores and ID regions) | I60: Text | J60: Enhanced Al concentration in the ID regions, while Re partitions to the dendrites, by WDX-EPMA | K60: Optional
A61: 53 | B61: Metadata | C61: Material related | D61: History and condition of the material | E61: Chemical composition | F61: Chemical composition in gamma and gamma' regions (dendrite cores and ID regions) | I61: (Link to) File, preferably with machine-readable (meta)data | J61: Link to image | K61: Optional
A62: 54 | B62: Metadata | C62: Material related | D62: History and condition of the material | E62: Microstructure | F62: Type of investigation (characterization method) | I62: Text, Keywords-like field | J62: STEM, HRTEM, TEM-EDX, AFM, SEM, SEM-EBSD, …. | K62: Mandatory
A63: 55 | B63: Metadata | C63: Material related | D63: History and condition of the material | E63: Microstructure | F63: Grain size (if polycrystal) | H63: µm | I63: Numeric | J63: 50 | K63: Mandatory
A64: 56 | B64: Metadata | C64: Material related | D64: History and condition of the material | E64: Microstructure | F64: Grain size - Determination method, measuring point | I64: Alphanumeric | J64: According to ASTM E112-13, in the bulk | K64: Mandatory
A65: 57 | B65: Metadata | C65: Material related | D65: History and condition of the material | E65: Microstructure | F65: Grain size - documentation | I65: (Link to) File, preferably with machine-readable (meta)data | J65: Link to protocol (for instance table with grain sizes for each blank) | K65: Optional
A66: 58 | B66: Metadata | C66: Material related | D66: History and condition of the material | E66: Microstructure | F66: Completely dissolved and re-precipitated gamma-gamma' regions | H66: % | I66: Alphanumeric | J66: ≥ 85 % vol. fraction | K66: Optional
A67: 59 | B67: Metadata | C67: Material related | D67: History and condition of the material | E67: Microstructure | F67: Gamma'-particles', average size | H67: µm | I67: Numeric | J67: 0.5 ± 0.2 | K67: Optional
A68: 60 | B68: Metadata | C68: Material related | D68: History and condition of the material | E68: Microstructure | F68: Gamma'-particles', maximum size | H68: µm | I68: Numeric | J68: 1.0 | K68: Optional
A69: 61 | B69: Metadata | C69: Material related | D69: History and condition of the material | E69: Microstructure | F69: Dendrite spacings | I69: Text / (Link to) File, preferably with machine-readable (meta)data | J69: Description of procedure and links to images and raw data, or, reference to paper and section | K69: Optional
A70: 62 | B70: Metadata | C70: Material related | D70: History and condition of the material | E70: Microstructure | F70: Microstructure after test (SX/PX, gprime-Vol, gprime-size, dendrites) | K70: Optional | L70: Here, rows 54 to 61 are repeated for condition after the test
A71: 63 | B71: Metadata | C71: Material related | D71: History and condition of the material | E71: Microstructure | F71: Images of the microstructure before testing | I71: (Link to) File, preferably with machine-readable (meta)data | J71: Link(s) to image(s) (can be from different characterization techniques) | K71: Optional
A72: 64 | B72: Metadata | C72: Material related | D72: History and condition of the material | E72: Microstructure | F72: Images of the microstructure after testing | I72: (Link to) File, preferably with machine-readable (meta)data | J72: Link(s) to image(s) (can be from different characterization techniques) | K72: Optional
A73: 65 | B73: Metadata | C73: Material related | D73: History and condition of the material | E73: Microstructure | F73: Proof of single crystallinity | I73: (Link to) File, preferably with machine-readable (meta)data | J73: X-Ray / EBSD Results | K73: Optional
A74: 66 | B74: Metadata | C74: Material related | D74: History and condition of the material | E74: Microstructure | F74: Single crystal orientation (Laue Crystal Verification. Must be documented for each test piece) | H74: ° | I74: (Link to) File, preferably with machine-readable (meta)data | J74: Link to analysis results in form of table | K74: Mandatory
A75: 67 | B75: Metadata | C75: Material related | D75: History and condition of the material | E75: Microstructure | F75: Single crystal orientation - Determination method, measuring point | I75: Alphanumeric | J75: EBSD/XRD for each blank | K75: Mandatory
A76: 68 | B76: Metadata | C76: Material related | D76: History and condition of the material | E76: Microstructure | F76: Accuracy of the determination of the single crystal orientation | I76: Alphanumeric | K76: Optional
A77: 69 | B77: Metadata | C77: Material related | D77: History and condition of the material | E77: Results from NDT | F77: Crack inspection: e.g., Penetrant certification/Radiographic certification/XCT | I77: (Link to) File, preferably with machine-readable (meta)data | J77: Link to analysis protocol(s) | K77: Optional
A78: 70 | B78: Metadata | C78: Material related | D78: History and condition of the material | E78: Results from NDT | F78: X-Ray film | I78: (Link to) File, preferably with machine-readable (meta)data | K78: Optional
A79: 71 | B79: Metadata | C79: Material related | D79: History and condition of the material | E79: Results from other mech. tests | F79: 0.2 % Proof strength at room temperature | H79: MPa | I79: Numeric | K79: Optional
A80: 72 | B80: Metadata | C80: Material related | D80: History and condition of the material | E80: Results from other mech. tests | F80: 0.2 % Proof strength at creep test temperature | H80: MPa | I80: Numeric | K80: Optional
A81: 73 | B81: Metadata | C81: Material related | D81: History and condition of the material | E81: Results from other mech. tests | F81: Hardness | I81: Alphanumeric | J81: 400 HV1 | K81: Optional
A82: 74 | B82: Metadata | C82: Material related | D82: Test piece | F82: Test piece ID | I82: Alphanumeric | J82: Vh5205-C-99 | K82: Optional
A83: 75 | B83: Metadata | C83: Material related | D83: Test piece | F83: Workshop order ID/ref. | I83: Alphanumeric | K83: Optional
A84: 76 | B84: Metadata | C84: Material related | D84: Test piece | F84: Test piece history | I84: (Link to) File, preferably with machine-readable (meta)data | J84: Link to data or documentation from previous experiments | K84: Optional
A85: 77 | B85: Metadata | C85: Material related | D85: Test piece | F85: Type of test piece I | I85: Drop-down list | J85: Miniaturized specimen / Specimen according to standard | K85: Mandatory
A86: 78 | B86: Metadata | C86: Material related | D86: Test piece | F86: Type of test piece II | I86: Drop-down list | J86: Round cross section / Rectangular section | K86: Mandatory
A87: 79 | B87: Metadata | C87: Material related | D87: Test piece | F87: Type of test piece III | I87: Drop-down list | J87: Smooth test piece / Notched test piece / Other type (specify) | K87: Mandatory
A88: 80 | B88: Metadata | C88: Material related | D88: Test piece | F88: Test piece technical drawing | I88: (Link to) File, preferably with machine-readable (meta)data | J88: Link to technical drawing file | K88: Mandatory
A89: 81 | B89: Metadata | C89: Material related | D89: Test piece | F89: Location of the test piece within the as-tested material | I89: (Link to) File, preferably with machine-readable (meta)data | J89: Centers of gravity of blanks and test pieces coincident | K89: Mandatory
A90: 82 | B90: Metadata | C90: Material related | D90: Test piece | F90: Positioning (Laue, precision) - Description whether coordinate systems of as-tested material and test piece coincide, and of the alignment in the test machine | I90: Text | K90: Mandatory
A91: 83 | B91: Metadata | C91: Material related | D91: Test piece | F91: Further information about sample(s) | H91: µm | I91: Alphanumeric / (Link to) File, preferably with machine-readable (meta)data | J91: Roughness Ra = 1 | K91: Optional
A92: 84 | B92: Metadata | C92: Measuring and test equipment | D92: Test machine | F92: Test machine ID | I92: Alphanumeric | K92: Optional
A93: 85 | B93: Metadata | C93: Measuring and test equipment | D93: Test machine | F93: Type of test machine | I93: Drop-down list | J93: Lever arm / Electromechanical drive | K93: Optional
A94: 86 | B94: Metadata | C94: Measuring and test equipment | D94: Test machine | F94: Min. applied force | H94: kN | I94: Numeric | J94: 1 | K94: Optional
A95: 87 | B95: Metadata | C95: Measuring and test equipment | D95: Test machine | F95: Max. applied force | H95: kN | I95: Numeric | J95: 20 | K95: Optional
A96: 88 | B96: Metadata | C96: Measuring and test equipment | D96: Test machine | F96: Verification of Test Frame and Specimen Alignment according to ASTM E1012? | I96: Drop-down list | J96: Yes / No | K96: Mandatory | L96: Entry is mandatory If ASTM E139 (row 7): "Yes" is mandatory. If ISO 204 (row 7): "Yes" is not mandatory. However ISO 204 states that "The test force shall be applied along the test axis in such a manner to minimize bending and torsion of the test piece."
A97: 89 | B97: Metadata | C97: Measuring and test equipment | D97: Test machine | F97: Please provide a description on the procedure followed for the Verification of Test Frame and Specimen Alignment if different from ASTM E1012 | I97: Alphanumeric | K97: Mandatory | L97: Mandatory if verification was not performed according to ASTM E1012 (row 88)
A98: 90 | B98: Metadata | C98: Measuring and test equipment | D98: Test machine | F98: Calibration class (Alignment) | I98: Alphanumeric | J98: 5 / 5 starting from 3 kN | K98: Mandatory | L98: Mandatory if verification acording to ASTM E1012 was performed (row 88)
A99: 91 | B99: Metadata | C99: Measuring and test equipment | D99: Test machine | E99: Data acquisition | F99: Data acquisition unit - Model information | I99: Alphanumeric | J99: National Instruments NI SXCI-1600 | K99: Optional
A100: 92 | B100: Metadata | C100: Measuring and test equipment | D100: Test machine | E100: Data acquisition | F100: Data acquisition unit - Laboratory ID | I100: Alphanumeric | J100: 19.08 | K100: Optional
A101: 93 | B101: Metadata | C101: Measuring and test equipment | D101: Test machine | E101: Data acquisition | F101: Data acquisition software and version | I101: Alphanumeric | J101: Lab's own development (v22.08.22) | K101: Mandatory
A102: 94 | B102: Metadata | C102: Measuring and test equipment | D102: Test machine | E102: Data acquisition | F102: Data acquisition - description | I102: Alphanumeric | J102: Data acquisition was performed every 5 min before load application, every 0.1 s during load application, and every 5 s to max. 10 min after load application, depending on the test duration and when a selected displacement interval is exceeded. | K102: Mandatory
...

Sheet Vh5205_C-85
F1: Mandatory
F2: Optional
A3: ROW | B3: CATEGORIZATION | C3: ENTRY | D3: SYMBOL | E3: UNIT | F3: REQUIREMENT | H3: * Information common to all tests
A4: 1 | B4: Test info-->Test job details--> | C4: Date of test start | F4: Mandatory | G4: 45264.381 | J4: =EXACT(G4,'Vh5205_C-89'!G4) -> FALSE
A5: 2 | B5: Test info-->Test job details--> | C5: Data of test end | F5: Mandatory | G5: 45307.298 | J5: =EXACT(G5,'Vh5205_C-89'!G5) -> FALSE
A6: 3 | B6: Test info-->Test job details--> | C6: Test ID | F6: Mandatory | G6: Vh5205_C-85 | J6: =EXACT(G6,'Vh5205_C-89'!G6) -> FALSE
A7: 4 | B7: Test info-->Test job details--> | C7: Project | F7: Optional | G7: Vh 5205 | H7: * | J7: =EXACT(G7,'Vh5205_C-89'!G7) -> TRUE
A8: 5 | B8: Test info-->Test job details--> | C8: Test order | F8: Optional | G8: Not applicable | H8: * | J8: =EXACT(G8,'Vh5205_C-89'!G8) -> TRUE
A9: 6 | B9: Test info-->Test parameters--> | C9: Was the test performed according to a test standard? | F9: Mandatory | G9: Yes | H9: * | J9: =EXACT(G9,'Vh5205_C-89'!G9) -> TRUE
A10: 7 | B10: Test info-->Test parameters--> | C10: Test standard | F10: Mandatory | G10: DIN EN ISO 204:2019-4 | H10: * | J10: =EXACT(G10,'Vh5205_C-89'!G10) -> TRUE
A11: 8 | B11: Test info-->Test parameters--> | C11: Specified temperature | D11: T | E11: °C | F11: Mandatory | G11: 980 °C | H11: * | J11: =EXACT(G11,'Vh5205_C-89'!G11) -> TRUE
A12: 9 | B12: Test info-->Test parameters--> | C12: Type of loading | F12: Mandatory | G12: Tension | H12: * | J12: =EXACT(G12,'Vh5205_C-89'!G12) -> TRUE
A13: 10 | B13: Test info-->Test parameters--> | C13: Load control type | F13: Mandatory | G13: Constant force | H13: * | J13: =EXACT(G13,'Vh5205_C-89'!G13) -> TRUE
A14: 11 | B14: Test info-->Test parameters--> | C14: Initial stress | D14: Ro | E14: MPa | F14: Mandatory | G14: 140 | J14: =EXACT(G14,'Vh5205_C-89'!G14) -> FALSE
A15: 12 | B15: Test info-->Test parameters--> | C15: Test type | F15: Mandatory | G15: Uninterrupted creep tests with continuous monitoring of extension | H15: * | J15: =EXACT(G15,'Vh5205_C-89'!G15) -> TRUE
A16: 13 | B16: Test info-->Test parameters--> | C16: End of test criterium | F16: Mandatory | G16: Time limit | J16: =EXACT(G16,'Vh5205_C-89'!G16) -> FALSE
A17: 14 | B17: Test info-->Test parameters--> | C17: End of test criterium - value (if not test piece break) | F17: Mandatory | G17: > 1000 h | J17: =EXACT(G17,'Vh5205_C-89'!G17) -> FALSE
A18: 15 | B18: Test info-->Test parameters--> | C18: Interruption course | F18: Mandatory | G18: Unloading after cooling | J18: =EXACT(G18,'Vh5205_C-89'!G18) -> FALSE
A19: 16 | B19: Test info-->Test parameters--> | C19: Test force | E19: kN | F19: Optional | J19: =EXACT(G19,'Vh5205_C-89'!G19) -> TRUE
A20: 17 | B20: Test info-->Test parameters--> | C20: Preload (Part of the test force) | E20: kN | F20: Mandatory | G20: 0,2 kN (20.4 kg) | H20: * | J20: =EXACT(G20,'Vh5205_C-89'!G20) -> TRUE
A21: 18 | B21: Test info-->Test parameters--> | C21: Other additional information (e.g. if constant stress) | F21: Optional | J21: =EXACT(G21,'Vh5205_C-89'!G21) -> TRUE
A22: 19 | B22: Test info-->Related research outcome--> | C22: Related article(s) available? | F22: Optional | G22: No | H22: * | J22: =EXACT(G22,'Vh5205_C-89'!G22) -> TRUE
A23: 20 | B23: Test info-->Related research outcome--> | C23: DOI Article 1 | F23: Optional | J23: =EXACT(G23,'Vh5205_C-89'!G23) -> TRUE
A24: 21 | B24: Test info-->Related research outcome--> | C24: Short description of content article 1 | F24: Optional | J24: =EXACT(G24,'Vh5205_C-89'!G24) -> TRUE
A25: 22 | B25: Test info-->Related research outcome--> | C25: DOI Article 2 | F25: Optional | J25: =EXACT(G25,'Vh5205_C-89'!G25) -> TRUE
A26: 23 | B26: Test info-->Related research outcome--> | C26: Short description of content article 2 | F26: Optional | J26: =EXACT(G26,'Vh5205_C-89'!G26) -> TRUE
A27: 24 | B27: Test info-->Related research outcome--> | C27: DOI Article n | F27: Optional | J27: =EXACT(G27,'Vh5205_C-89'!G27) -> TRUE
A28: 25 | B28: Test info-->Related research outcome--> | C28: Short description of content article n | F28: Optional | J28: =EXACT(G28,'Vh5205_C-89'!G28) -> TRUE
A29: 26 | B29: Material related-->History and condition of the material--> | C29: (Digital) Material Identifier | F29: Mandatory | G29: CMSX-6 | H29: * | J29: =EXACT(G29,'Vh5205_C-89'!G29) -> TRUE
A30: 27 | B30: Material related-->History and condition of the material-->As-manufactured material--> | C30: Information on phase equilibrium | F30: Optional | J30: =EXACT(G30,'Vh5205_C-89'!G30) -> TRUE
A31: 28 | B31: Material related-->History and condition of the material-->As-manufactured material--> | C31: Type of as-manufactured material (Cast / Ingot / Extrusion rod / …) | F31: Mandatory | G31: Ingot | H31: * | J31: =EXACT(G31,'Vh5205_C-89'!G31) -> TRUE
A32: 29 | B32: Material related-->History and condition of the material-->As-manufactured material--> | C32: Description of the as-manufactured material (geometry and dimensions) | F32: Mandatory | G32: Ingot with 4" Diameter | H32: * | J32: =EXACT(G32,'Vh5205_C-89'!G32) -> TRUE
A33: 30 | B33: Material related-->History and condition of the material-->As-manufactured material--> | C33: Description of the manufacturing process - as-manufactured material | F33: Optional | G33: Vacuum Induction Refined | H33: * | J33: =EXACT(G33,'Vh5205_C-89'!G33) -> TRUE
A34: 31 | B34: Material related-->History and condition of the material-->As-manufactured material--> | C34: Casting temperature | E34: °C | F34: Optional | J34: =EXACT(G34,'Vh5205_C-89'!G34) -> TRUE
A35: 32 | B35: Material related-->History and condition of the material-->As-manufactured material--> | C35: Casting speed | F35: Optional | J35: =EXACT(G35,'Vh5205_C-89'!G35) -> TRUE
A36: 33 | B36: Material related-->History and condition of the material-->As-manufactured material--> | C36: Single or polycrystal solidified | F36: Mandatory | G36: Single Crystal | H36: * | J36: =EXACT(G36,'Vh5205_C-89'!G36) -> TRUE
A37: 34 | B37: Material related-->History and condition of the material-->As-manufactured material--> | C37: Condition | F37: Mandatory | G37: Heat Treated | H37: * | J37: =EXACT(G37,'Vh5205_C-89'!G37) -> TRUE
A38: 35 | B38: Material related-->History and condition of the material-->As-tested material--> | C38: Supplier | F38: Mandatory | G38: PCC Airfoils, Inc. Minerva, Ohio. | H38: * | J38: =EXACT(G38,'Vh5205_C-89'!G38) -> TRUE
A39: 36 | B39: Material related-->History and condition of the material-->As-tested material--> | C39: Description of the as-tested material (geometry and dimensions) - The test piece is manufactured from the tested material. | F39: Mandatory | G39: Single Crystal Investment Cast See image file "Test-piece-location.pdf" For details see DOI: 10.7449/1980/Superalloys_1980_205_214, and DOI: 10.7449/1984/Superalloys_1984_167_176 | H39: * | J39: =EXACT(G39,'Vh5205_C-89'!G39) -> TRUE
A40: 37 | B40: Material related-->History and condition of the material-->As-tested material--> | C40: Description of the manufacturing process - as-tested material | F40: Mandatory | G40: Single Crystal Investment Casting from a Vacuum Induction Refined Ingot and subsequent Heat Treatment (annealed and aged). | H40: * | J40: =EXACT(G40,'Vh5205_C-89'!G40) -> TRUE
A41: 38 | B41: Material related-->History and condition of the material-->As-tested material--> | C41: Date of supply | F41: Mandatory | G41: 35458 | H41: * | J41: =EXACT(G41,'Vh5205_C-89'!G41) -> TRUE
A42: 39 | B42: Material related-->History and condition of the material-->As-tested material--> | C42: Order number | F42: Optional | H42: * | J42: =EXACT(G42,'Vh5205_C-89'!G42) -> TRUE
A43: 40 | B43: Material related-->History and condition of the material-->As-tested material--> | C43: Supplier sample ID | F43: Optional | H43: * | J43: =EXACT(G43,'Vh5205_C-89'!G43) -> TRUE
A44: 41 | B44: Material related-->History and condition of the material-->Heat treatment--> | C44: Heat treatment - State | F44: Mandatory | G44: Aged | H44: * | J44: =EXACT(G44,'Vh5205_C-89'!G44) -> TRUE
A45: 42 | B45: Material related-->History and condition of the material-->Heat treatment--> | C45: Multistage annealing? | F45: Optional | G45: Yes | H45: * | J45: =EXACT(G45,'Vh5205_C-89'!G45) -> TRUE
A46: 43 | B46: Material related-->History and condition of the material-->Heat treatment--> | C46: Multistage ageing? | F46: Optional | G46: Yes | H46: * | J46: =EXACT(G46,'Vh5205_C-89'!G46) -> TRUE
A47: 44 | B47: Material related-->History and condition of the material-->Heat treatment--> | C47: Atmosphere | F47: Optional | G47: See description | H47: * | J47: =EXACT(G47,'Vh5205_C-89'!G47) -> TRUE
A48: 45 | B48: Material related-->History and condition of the material-->Heat treatment--> | C48: Heat treatment - Annealing - Description | F48: Mandatory | G48: See worksheet "Heat_treatment" | H48: * | J48: =EXACT(G48,'Vh5205_C-89'!G48) -> TRUE
A49: 46 | B49: Material related-->History and condition of the material-->Heat treatment--> | C49: Heat treatment - Ageing - Description | F49: Mandatory | G49: See worksheet "Heat_treatment" | H49: * | J49: =EXACT(G49,'Vh5205_C-89'!G49) -> TRUE
A50: 47 | B50: Material related-->History and condition of the material-->Heat treatment--> | C50: Heat treatment - Protocol file | F50: Optional | J50: =EXACT(G50,'Vh5205_C-89'!G50) -> TRUE
A51: 48 | B51: Material related-->History and condition of the material-->Chemical composition--> | C51: Chemical composition - nominal | E51: wt.-% | F51: Mandatory | G51: See worksheet "Ch.-Comp._nominal" | H51: * | J51: =EXACT(G51,'Vh5205_C-89'!G51) -> TRUE
A52: 49 | B52: Material related-->History and condition of the material-->Chemical composition--> | C52: Chemical composition - measured (including precision) | E52: wt.-% | F52: Mandatory | G52: See worksheet "Ch.-Comp._measured" | H52: * | J52: =EXACT(G52,'Vh5205_C-89'!G52) -> TRUE
A53: 50 | B53: Material related-->History and condition of the material-->Chemical composition--> | C53: Measurement method | F53: Mandatory | G53: See worksheet "Ch.-Comp._measured" | H53: * | J53: =EXACT(G53,'Vh5205_C-89'!G53) -> TRUE
A54: 51 | B54: Material related-->History and condition of the material-->Chemical composition--> | C54: Measuring point | F54: Optional | G54: Master melt | H54: * | J54: =EXACT(G54,'Vh5205_C-89'!G54) -> TRUE
A55: 52 | B55: Material related-->History and condition of the material-->Chemical composition--> | C55: Partitioning of alloy elements in microstructure (dendrite cores and ID regions) | F55: Optional | J55: =EXACT(G55,'Vh5205_C-89'!G55) -> TRUE
A56: 53 | B56: Material related-->History and condition of the material-->Chemical composition--> | C56: Chemical composition in gamma and gamma' regions (dendrite cores and ID regions) | F56: Optional | J56: =EXACT(G56,'Vh5205_C-89'!G56) -> TRUE
A57: 54 | B57: Material related-->History and condition of the material-->Microstructure--> | C57: Type of investigation (characterization method) | F57: Mandatory | G57: Laue Crystal Verification | H57: * | J57: =EXACT(G57,'Vh5205_C-89'!G57) -> TRUE
A58: 55 | B58: Material related-->History and condition of the material-->Microstructure--> | C58: Grain size (if polycrystal) | E58: µm | F58: Mandatory | G58: Not applicable | H58: * | J58: =EXACT(G58,'Vh5205_C-89'!G58) -> TRUE
A59: 56 | B59: Material related-->History and condition of the material-->Microstructure--> | C59: Grain size - Determination method, measuring point | F59: Mandatory | G59: Not applicable | H59: * | J59: =EXACT(G59,'Vh5205_C-89'!G59) -> TRUE
A60: 57 | B60: Material related-->History and condition of the material-->Microstructure--> | C60: Grain size - documentation | F60: Optional | G60: Not applicable | H60: * | J60: =EXACT(G60,'Vh5205_C-89'!G60) -> TRUE
A61: 58 | B61: Material related-->History and condition of the material-->Microstructure--> | C61: Completely dissolved and re-precipitated gamma-gamma' regions | E61: % | F61: Optional | J61: =EXACT(G61,'Vh5205_C-89'!G61) -> TRUE
A62: 59 | B62: Material related-->History and condition of the material-->Microstructure--> | C62: Gamma'-particles', average size | E62: µm | F62: Optional | J62: =EXACT(G62,'Vh5205_C-89'!G62) -> TRUE
A63: 60 | B63: Material related-->History and condition of the material-->Microstructure--> | C63: Gamma'-particles', maximum size | E63: µm | F63: Optional | J63: =EXACT(G63,'Vh5205_C-89'!G63) -> TRUE
A64: 61 | B64: Material related-->History and condition of the material-->Microstructure--> | C64: Dendrite spacings | F64: Optional | J64: =EXACT(G64,'Vh5205_C-89'!G64) -> TRUE
A65: 62 | B65: Material related-->History and condition of the material-->Microstructure--> | C65: Microstructure after test (SX/PX, gprime-Vol, gprime-size, dendrites) | F65: Optional | J65: =EXACT(G65,'Vh5205_C-89'!G65) -> TRUE
A66: 63 | B66: Material related-->History and condition of the material-->Microstructure--> | C66: Images of the microstructure before testing | F66: Optional | G66: See file "Microstructure-before-testing.pdf" | H66: * | J66: =EXACT(G66,'Vh5205_C-89'!G66) -> TRUE
A67: 64 | B67: Material related-->History and condition of the material-->Microstructure--> | C67: Images of the microstructure after testing | F67: Optional | J67: =EXACT(G67,'Vh5205_C-89'!G67) -> TRUE
A68: 65 | B68: Material related-->History and condition of the material-->Microstructure--> | C68: Proof of single crystallinity | F68: Optional | G68: The absence of grain boundaries was verified by visual inspection of the investment casts surface after electrolytical etching. | H68: * | J68: =EXACT(G68,'Vh5205_C-89'!G68) -> TRUE
A69: 66 | B69: Material related-->History and condition of the material-->Microstructure--> | C69: Single crystal orientation (Laue Crystal Verification. Must be documented for each test piece) | E69: ° | F69: Mandatory | G69: The angle alpha indicates the deviation of the [001]-direction from the symmetry axis of the respective cast (as-tested material). Values in worksheet "Single_crystal_orientation" | H69: * | J69: =EXACT(G69,'Vh5205_C-89'!G69) -> TRUE
A70: 67 | B70: Material related-->History and condition of the material-->Microstructure--> | C70: Single crystal orientation - Determination method, measuring point | F70: Mandatory | G70: A Scorpio system (DOI: 10.1088/0957-0233/6/1/021) was used. The orientation was determined at the lower end (right side in file "Test-piece-location.pdf") of each cast. | H70: * | J70: =EXACT(G70,'Vh5205_C-89'!G70) -> TRUE
A71: 68 | B71: Material related-->History and condition of the material-->Microstructure--> | C71: Accuracy of the determination of the single crystal orientation | F71: Optional | J71: =EXACT(G71,'Vh5205_C-89'!G71) -> TRUE
A72: 69 | B72: Material related-->History and condition of the material-->Results from NDT--> | C72: Crack inspection: e.g., Penetrant certification/Radiographic certification/XCT | F72: Optional | J72: =EXACT(G72,'Vh5205_C-89'!G72) -> TRUE
A73: 70 | B73: Material related-->History and condition of the material-->Results from NDT--> | C73: X-Ray film | F73: Optional | J73: =EXACT(G73,'Vh5205_C-89'!G73) -> TRUE
A74: 71 | B74: Material related-->History and condition of the material-->Results from other mech. tests--> | C74: 0.2 % Proof strength at room temperature | E74: MPa | F74: Optional | J74: =EXACT(G74,'Vh5205_C-89'!G74) -> TRUE
A75: 72 | B75: Material related-->History and condition of the material-->Results from other mech. tests--> | C75: 0.2 % Proof strength at creep test temperature | E75: MPa | F75: Optional | G75: See worksheet "Rp0.2" | H75: * | J75: =EXACT(G75,'Vh5205_C-89'!G75) -> TRUE
A76: 73 | B76: Material related-->History and condition of the material-->Results from other mech. tests--> | C76: Hardness | F76: Optional | J76: =EXACT(G76,'Vh5205_C-89'!G76) -> TRUE
A77: 74 | B77: Material related-->Test piece--> | C77: Test piece ID | F77: Optional | G77: Vh5205_C-85 | J77: =EXACT(G77,'Vh5205_C-89'!G77) -> FALSE
A78: 75 | B78: Material related-->Test piece--> | C78: Workshop order ID/ref. | F78: Optional | J78: =EXACT(G78,'Vh5205_C-89'!G78) -> TRUE
A79: 76 | B79: Material related-->Test piece--> | C79: Test piece history | F79: Optional | G79: No previous experiments | H79: * | J79: =EXACT(G79,'Vh5205_C-89'!G79) -> TRUE
A80: 77 | B80: Material related-->Test piece--> | C80: Type of test piece I | F80: Mandatory | G80: Specimen according to DIN EN ISO 204:2019-4 | H80: * | J80: =EXACT(G80,'Vh5205_C-89'!G80) -> TRUE
A81: 78 | B81: Material related-->Test piece--> | C81: Type of test piece II | F81: Mandatory | G81: Round cross section | H81: * | J81: =EXACT(G81,'Vh5205_C-89'!G81) -> TRUE
A82: 79 | B82: Material related-->Test piece--> | C82: Type of test piece III | F82: Mandatory | G82: Smooth test piece | H82: * | J82: =EXACT(G82,'Vh5205_C-89'!G82) -> TRUE
A83: 80 | B83: Material related-->Test piece--> | C83: Test piece technical drawing | F83: Mandatory | G83: See file "TestPieceCreepTests-TechnicalDrawing-FormA.pdf" Specimen's dimensions correspond to "Form A", see table in file. | H83: * | J83: =EXACT(G83,'Vh5205_C-89'!G83) -> TRUE
A84: 81 | B84: Material related-->Test piece--> | C84: Location of the test piece within the as-tested material | F84: Mandatory | G84: See file "Test-piece-location.pdf" | H84: * | J84: =EXACT(G84,'Vh5205_C-89'!G84) -> TRUE
A85: 82 | B85: Material related-->Test piece--> | C85: Positioning (Laue, precision) - Description whether coordinate systems of as-tested material and test piece coincide, and of the alignment in the test machine | F85: Mandatory | G85: The axis of the cast (as-tested material), the creep test piece, and the load axis match. | H85: * | J85: =EXACT(G85,'Vh5205_C-89'!G85) -> TRUE
A86: 83 | B86: Material related-->Test piece--> | C86: Further information about sample(s) | E86: µm | F86: Optional | G86: Surface roughness values, Rz [µm], available for each test piece. Measurement protocols are available in the laboratory. Finishing was carried out using cylindrical grinding. Values in worksheet "Roughness" | H86: * | J86: =EXACT(G86,'Vh5205_C-89'!G86) -> TRUE
A87: 84 | B87: Measuring and test equipment-->Test machine--> | C87: Test machine ID | F87: Optional | G87: Zug 07 | H87: * | J87: =EXACT(G87,'Vh5205_C-89'!G87) -> TRUE
A88: 85 | B88: Measuring and test equipment-->Test machine--> | C88: Type of test machine | F88: Optional | G88: Lever arm, Leverage ratio 1:20.4 | H88: * | J88: =EXACT(G88,'Vh5205_C-89'!G88) -> TRUE
A89: 86 | B89: Measuring and test equipment-->Test machine--> | C89: Min. applied force | E89: kN | F89: Optional | G89: 1 | H89: * | J89: =EXACT(G89,'Vh5205_C-89'!G89) -> TRUE
A90: 87 | B90: Measuring and test equipment-->Test machine--> | C90: Max. applied force | E90: kN | F90: Optional | G90: 20 | H90: * | J90: =EXACT(G90,'Vh5205_C-89'!G90) -> TRUE
A91: 88 | B91: Measuring and test equipment-->Test machine--> | C91: Verification of Test Frame and Specimen Alignment according to ASTM E1012? | F91: Mandatory | G91: Yes. Verification was performed according to ASTM E1012 on 18.07.2011. | H91: * | J91: =EXACT(G91,'Vh5205_C-89'!G91) -> TRUE
A92: 89 | B92: Measuring and test equipment-->Test machine--> | C92: Please provide a description on the procedure followed for the Verification of Test Frame and Specimen Alignment if different from ASTM E1012 | F92: Mandatory | G92: Not applicable since verification was performed according to ASTM E1012 | H92: * | J92: =EXACT(G92,'Vh5205_C-89'!G92) -> TRUE
A93: 90 | B93: Measuring and test equipment-->Test machine--> | C93: Calibration class (Alignment) | F93: Mandatory | G93: Verification: the machine fulfills the requirements for test forces >2 kN Protocol of alignment is available in the laboratory. | H93: * | J93: =EXACT(G93,'Vh5205_C-89'!G93) -> TRUE
A94: 91 | B94: Measuring and test equipment-->Test machine-->Data acquisition--> | C94: Data acquisition unit - Model information | F94: Optional | G94: National Instruments NI SXCI-1600 | H94: * | J94: =EXACT(G94,'Vh5205_C-89'!G94) -> TRUE
A95: 92 | B95: Measuring and test equipment-->Test machine-->Data acquisition--> | C95: Data acquisition unit - Laboratory ID | F95: Optional | G95: 19.08 | H95: * | J95: =EXACT(G95,'Vh5205_C-89'!G95) -> TRUE
A96: 93 | B96: Measuring and test equipment-->Test machine-->Data acquisition--> | C96: Data acquisition software and version | F96: Mandatory | G96: Lab's own development (v22.08.22) | H96: * | J96: =EXACT(G96,'Vh5205_C-89'!G96) -> TRUE
A97: 94 | B97: Measuring and test equipment-->Test machine-->Data acquisition--> | C97: Data acquisition - description | F97: Mandatory | G97: See worksheets "Data-acquisition" and "Data-acquisition-creep" | H97: * | J97: =EXACT(G97,'Vh5205_C-89'!G97) -> TRUE
A98: 95 | B98: Measuring and test equipment-->Test machine-->Data acquisition--> | C98: Was the time checked during data acquisition? | F98: Optional | G98: Yes | H98: * | J98: =EXACT(G98,'Vh5205_C-89'!G98) -> TRUE
A99: 96 | B99: Measuring and test equipment-->Test force-->Loading system--> | C99: Was the loading system calibrated/verified? | F99: Mandatory | G99: Yes | H99: * | J99: =EXACT(G99,'Vh5205_C-89'!G99) -> TRUE
A100: 97 | B100: Measuring and test equipment-->Test force-->Loading system--> | C100: Calibration certificate | F100: Optional | J100: =EXACT(G100,'Vh5205_C-89'!G100) -> TRUE
...

Sheet Vh5205_C-94
F1: Mandatory
F2: Optional
A3: ROW | B3: CATEGORIZATION | C3: ENTRY | D3: SYMBOL | E3: UNIT | F3: REQUIREMENT | H3: * Information common to all tests
A4: 1 | B4: Test info-->Test job details--> | C4: Date of test start | F4: Mandatory | G4: 45217.385 | J4: =EXACT(G4,'Vh5205_C-85'!G4) -> FALSE
A5: 2 | B5: Test info-->Test job details--> | C5: Data of test end | F5: Mandatory | G5: 45259.51 | J5: =EXACT(G5,'Vh5205_C-85'!G5) -> FALSE
A6: 3 | B6: Test info-->Test job details--> | C6: Test ID | F6: Mandatory | G6: Vh5205_C-94 | J6: =EXACT(G6,'Vh5205_C-85'!G6) -> FALSE
A7: 4 | B7: Test info-->Test job details--> | C7: Project | F7: Optional | G7: Vh 5205 | H7: * | J7: =EXACT(G7,'Vh5205_C-85'!G7) -> TRUE
A8: 5 | B8: Test info-->Test job details--> | C8: Test order | F8: Optional | G8: Not applicable | H8: * | J8: =EXACT(G8,'Vh5205_C-85'!G8) -> TRUE
A9: 6 | B9: Test info-->Test parameters--> | C9: Was the test performed according to a test standard? | F9: Mandatory | G9: Yes | H9: * | J9: =EXACT(G9,'Vh5205_C-85'!G9) -> TRUE
A10: 7 | B10: Test info-->Test parameters--> | C10: Test standard | F10: Mandatory | G10: DIN EN ISO 204:2019-4 | H10: * | J10: =EXACT(G10,'Vh5205_C-85'!G10) -> TRUE
A11: 8 | B11: Test info-->Test parameters--> | C11: Specified temperature | D11: T | E11: °C | F11: Mandatory | G11: 980 °C | H11: * | J11: =EXACT(G11,'Vh5205_C-85'!G11) -> TRUE
A12: 9 | B12: Test info-->Test parameters--> | C12: Type of loading | F12: Mandatory | G12: Tension | H12: * | J12: =EXACT(G12,'Vh5205_C-85'!G12) -> TRUE
A13: 10 | B13: Test info-->Test parameters--> | C13: Load control type | F13: Mandatory | G13: Constant force | H13: * | J13: =EXACT(G13,'Vh5205_C-85'!G13) -> TRUE
A14: 11 | B14: Test info-->Test parameters--> | C14: Initial stress | D14: Ro | E14: MPa | F14: Mandatory | G14: 140 | J14: =EXACT(G14,'Vh5205_C-85'!G14) -> TRUE
A15: 12 | B15: Test info-->Test parameters--> | C15: Test type | F15: Mandatory | G15: Uninterrupted creep tests with continuous monitoring of extension | H15: * | J15: =EXACT(G15,'Vh5205_C-85'!G15) -> TRUE
A16: 13 | B16: Test info-->Test parameters--> | C16: End of test criterium | F16: Mandatory | G16: Time limit | J16: =EXACT(G16,'Vh5205_C-85'!G16) -> TRUE
A17: 14 | B17: Test info-->Test parameters--> | C17: End of test criterium - value (if not test piece break) | F17: Mandatory | G17: > 1000 h | J17: =EXACT(G17,'Vh5205_C-85'!G17) -> TRUE
A18: 15 | B18: Test info-->Test parameters--> | C18: Interruption course | F18: Mandatory | G18: Unloading after cooling | J18: =EXACT(G18,'Vh5205_C-85'!G18) -> TRUE
A19: 16 | B19: Test info-->Test parameters--> | C19: Test force | E19: kN | F19: Optional | J19: =EXACT(G19,'Vh5205_C-85'!G19) -> TRUE
A20: 17 | B20: Test info-->Test parameters--> | C20: Preload (Part of the test force) | E20: kN | F20: Mandatory | G20: 0,2 kN (20.4 kg) | H20: * | J20: =EXACT(G20,'Vh5205_C-85'!G20) -> TRUE
A21: 18 | B21: Test info-->Test parameters--> | C21: Other additional information (e.g. if constant stress) | F21: Optional | J21: =EXACT(G21,'Vh5205_C-85'!G21) -> TRUE
A22: 19 | B22: Test info-->Related research outcome--> | C22: Related article(s) available? | F22: Optional | G22: No | H22: * | J22: =EXACT(G22,'Vh5205_C-85'!G22) -> TRUE
A23: 20 | B23: Test info-->Related research outcome--> | C23: DOI Article 1 | F23: Optional | J23: =EXACT(G23,'Vh5205_C-85'!G23) -> TRUE
A24: 21 | B24: Test info-->Related research outcome--> | C24: Short description of content article 1 | F24: Optional | J24: =EXACT(G24,'Vh5205_C-85'!G24) -> TRUE
A25: 22 | B25: Test info-->Related research outcome--> | C25: DOI Article 2 | F25: Optional | J25: =EXACT(G25,'Vh5205_C-85'!G25) -> TRUE
A26: 23 | B26: Test info-->Related research outcome--> | C26: Short description of content article 2 | F26: Optional | J26: =EXACT(G26,'Vh5205_C-85'!G26) -> TRUE
A27: 24 | B27: Test info-->Related research outcome--> | C27: DOI Article n | F27: Optional | J27: =EXACT(G27,'Vh5205_C-85'!G27) -> TRUE
A28: 25 | B28: Test info-->Related research outcome--> | C28: Short description of content article n | F28: Optional | J28: =EXACT(G28,'Vh5205_C-85'!G28) -> TRUE
A29: 26 | B29: Material related-->History and condition of the material--> | C29: (Digital) Material Identifier | F29: Mandatory | G29: CMSX-6 | H29: * | J29: =EXACT(G29,'Vh5205_C-85'!G29) -> TRUE
A30: 27 | B30: Material related-->History and condition of the material-->As-manufactured material--> | C30: Information on phase equilibrium | F30: Optional | J30: =EXACT(G30,'Vh5205_C-85'!G30) -> TRUE
A31: 28 | B31: Material related-->History and condition of the material-->As-manufactured material--> | C31: Type of as-manufactured material (Cast / Ingot / Extrusion rod / …) | F31: Mandatory | G31: Ingot | H31: * | J31: =EXACT(G31,'Vh5205_C-85'!G31) -> TRUE
A32: 29 | B32: Material related-->History and condition of the material-->As-manufactured material--> | C32: Description of the as-manufactured material (geometry and dimensions) | F32: Mandatory | G32: Ingot with 4" Diameter | H32: * | J32: =EXACT(G32,'Vh5205_C-85'!G32) -> TRUE
A33: 30 | B33: Material related-->History and condition of the material-->As-manufactured material--> | C33: Description of the manufacturing process - as-manufactured material | F33: Optional | G33: Vacuum Induction Refined | H33: * | J33: =EXACT(G33,'Vh5205_C-85'!G33) -> TRUE
A34: 31 | B34: Material related-->History and condition of the material-->As-manufactured material--> | C34: Casting temperature | E34: °C | F34: Optional | J34: =EXACT(G34,'Vh5205_C-85'!G34) -> TRUE
A35: 32 | B35: Material related-->History and condition of the material-->As-manufactured material--> | C35: Casting speed | F35: Optional | J35: =EXACT(G35,'Vh5205_C-85'!G35) -> TRUE
A36: 33 | B36: Material related-->History and condition of the material-->As-manufactured material--> | C36: Single or polycrystal solidified | F36: Mandatory | G36: Single Crystal | H36: * | J36: =EXACT(G36,'Vh5205_C-85'!G36) -> TRUE
A37: 34 | B37: Material related-->History and condition of the material-->As-manufactured material--> | C37: Condition | F37: Mandatory | G37: Heat Treated | H37: * | J37: =EXACT(G37,'Vh5205_C-85'!G37) -> TRUE
A38: 35 | B38: Material related-->History and condition of the material-->As-tested material--> | C38: Supplier | F38: Mandatory | G38: PCC Airfoils, Inc. Minerva, Ohio. | H38: * | J38: =EXACT(G38,'Vh5205_C-85'!G38) -> TRUE
A39: 36 | B39: Material related-->History and condition of the material-->As-tested material--> | C39: Description of the as-tested material (geometry and dimensions) - The test piece is manufactured from the tested material. | F39: Mandatory | G39: Single Crystal Investment Cast See image file "Test-piece-location.pdf" For details see DOI: 10.7449/1980/Superalloys_1980_205_214, and DOI: 10.7449/1984/Superalloys_1984_167_176 | H39: * | J39: =EXACT(G39,'Vh5205_C-85'!G39) -> TRUE
A40: 37 | B40: Material related-->History and condition of the material-->As-tested material--> | C40: Description of the manufacturing process - as-tested material | F40: Mandatory | G40: Single Crystal Investment Casting from a Vacuum Induction Refined Ingot and subsequent Heat Treatment (annealed and aged). | H40: * | J40: =EXACT(G40,'Vh5205_C-85'!G40) -> TRUE
A41: 38 | B41: Material related-->History and condition of the material-->As-tested material--> | C41: Date of supply | F41: Mandatory | G41: 35458 | H41: * | J41: =EXACT(G41,'Vh5205_C-85'!G41) -> TRUE
A42: 39 | B42: Material related-->History and condition of the material-->As-tested material--> | C42: Order number | F42: Optional | H42: * | J42: =EXACT(G42,'Vh5205_C-85'!G42) -> TRUE
A43: 40 | B43: Material related-->History and condition of the material-->As-tested material--> | C43: Supplier sample ID | F43: Optional | H43: * | J43: =EXACT(G43,'Vh5205_C-85'!G43) -> TRUE
A44: 41 | B44: Material related-->History and condition of the material-->Heat treatment--> | C44: Heat treatment - State | F44: Mandatory | G44: Aged | H44: * | J44: =EXACT(G44,'Vh5205_C-85'!G44) -> TRUE
A45: 42 | B45: Material related-->History and condition of the material-->Heat treatment--> | C45: Multistage annealing? | F45: Optional | G45: Yes | H45: * | J45: =EXACT(G45,'Vh5205_C-85'!G45) -> TRUE
A46: 43 | B46: Material related-->History and condition of the material-->Heat treatment--> | C46: Multistage ageing? | F46: Optional | G46: Yes | H46: * | J46: =EXACT(G46,'Vh5205_C-85'!G46) -> TRUE
A47: 44 | B47: Material related-->History and condition of the material-->Heat treatment--> | C47: Atmosphere | F47: Optional | G47: See description | H47: * | J47: =EXACT(G47,'Vh5205_C-85'!G47) -> TRUE
A48: 45 | B48: Material related-->History and condition of the material-->Heat treatment--> | C48: Heat treatment - Annealing - Description | F48: Mandatory | G48: See worksheet "Heat_treatment" | H48: * | J48: =EXACT(G48,'Vh5205_C-85'!G48) -> TRUE
A49: 46 | B49: Material related-->History and condition of the material-->Heat treatment--> | C49: Heat treatment - Ageing - Description | F49: Mandatory | G49: See worksheet "Heat_treatment" | H49: * | J49: =EXACT(G49,'Vh5205_C-85'!G49) -> TRUE
A50: 47 | B50: Material related-->History and condition of the material-->Heat treatment--> | C50: Heat treatment - Protocol file | F50: Optional | J50: =EXACT(G50,'Vh5205_C-85'!G50) -> TRUE
A51: 48 | B51: Material related-->History and condition of the material-->Chemical composition--> | C51: Chemical composition - nominal | E51: wt.-% | F51: Mandatory | G51: See worksheet "Ch.-Comp._nominal" | H51: * | J51: =EXACT(G51,'Vh5205_C-85'!G51) -> TRUE
A52: 49 | B52: Material related-->History and condition of the material-->Chemical composition--> | C52: Chemical composition - measured (including precision) | E52: wt.-% | F52: Mandatory | G52: See worksheet "Ch.-Comp._measured" | H52: * | J52: =EXACT(G52,'Vh5205_C-85'!G52) -> TRUE
A53: 50 | B53: Material related-->History and condition of the material-->Chemical composition--> | C53: Measurement method | F53: Mandatory | G53: See worksheet "Ch.-Comp._measured" | H53: * | J53: =EXACT(G53,'Vh5205_C-85'!G53) -> TRUE
A54: 51 | B54: Material related-->History and condition of the material-->Chemical composition--> | C54: Measuring point | F54: Optional | G54: Master melt | H54: * | J54: =EXACT(G54,'Vh5205_C-85'!G54) -> TRUE
A55: 52 | B55: Material related-->History and condition of the material-->Chemical composition--> | C55: Partitioning of alloy elements in microstructure (dendrite cores and ID regions) | F55: Optional | J55: =EXACT(G55,'Vh5205_C-85'!G55) -> TRUE
A56: 53 | B56: Material related-->History and condition of the material-->Chemical composition--> | C56: Chemical composition in gamma and gamma' regions (dendrite cores and ID regions) | F56: Optional | J56: =EXACT(G56,'Vh5205_C-85'!G56) -> TRUE
A57: 54 | B57: Material related-->History and condition of the material-->Microstructure--> | C57: Type of investigation (characterization method) | F57: Mandatory | G57: Laue Crystal Verification | H57: * | J57: =EXACT(G57,'Vh5205_C-85'!G57) -> TRUE
A58: 55 | B58: Material related-->History and condition of the material-->Microstructure--> | C58: Grain size (if polycrystal) | E58: µm | F58: Mandatory | G58: Not applicable | H58: * | J58: =EXACT(G58,'Vh5205_C-85'!G58) -> TRUE
A59: 56 | B59: Material related-->History and condition of the material-->Microstructure--> | C59: Grain size - Determination method, measuring point | F59: Mandatory | G59: Not applicable | H59: * | J59: =EXACT(G59,'Vh5205_C-85'!G59) -> TRUE
A60: 57 | B60: Material related-->History and condition of the material-->Microstructure--> | C60: Grain size - documentation | F60: Optional | G60: Not applicable | H60: * | J60: =EXACT(G60,'Vh5205_C-85'!G60) -> TRUE
A61: 58 | B61: Material related-->History and condition of the material-->Microstructure--> | C61: Completely dissolved and re-precipitated gamma-gamma' regions | E61: % | F61: Optional | J61: =EXACT(G61,'Vh5205_C-85'!G61) -> TRUE
A62: 59 | B62: Material related-->History and condition of the material-->Microstructure--> | C62: Gamma'-particles', average size | E62: µm | F62: Optional | J62: =EXACT(G62,'Vh5205_C-85'!G62) -> TRUE
A63: 60 | B63: Material related-->History and condition of the material-->Microstructure--> | C63: Gamma'-particles', maximum size | E63: µm | F63: Optional | J63: =EXACT(G63,'Vh5205_C-85'!G63) -> TRUE
A64: 61 | B64: Material related-->History and condition of the material-->Microstructure--> | C64: Dendrite spacings | F64: Optional | J64: =EXACT(G64,'Vh5205_C-85'!G64) -> TRUE
A65: 62 | B65: Material related-->History and condition of the material-->Microstructure--> | C65: Microstructure after test (SX/PX, gprime-Vol, gprime-size, dendrites) | F65: Optional | J65: =EXACT(G65,'Vh5205_C-85'!G65) -> TRUE
A66: 63 | B66: Material related-->History and condition of the material-->Microstructure--> | C66: Images of the microstructure before testing | F66: Optional | G66: See file "Microstructure-before-testing.pdf" | H66: * | J66: =EXACT(G66,'Vh5205_C-85'!G66) -> TRUE
A67: 64 | B67: Material related-->History and condition of the material-->Microstructure--> | C67: Images of the microstructure after testing | F67: Optional | J67: =EXACT(G67,'Vh5205_C-85'!G67) -> TRUE
A68: 65 | B68: Material related-->History and condition of the material-->Microstructure--> | C68: Proof of single crystallinity | F68: Optional | G68: The absence of grain boundaries was verified by visual inspection of the investment casts surface after electrolytical etching. | H68: * | J68: =EXACT(G68,'Vh5205_C-85'!G68) -> TRUE
A69: 66 | B69: Material related-->History and condition of the material-->Microstructure--> | C69: Single crystal orientation (Laue Crystal Verification. Must be documented for each test piece) | E69: ° | F69: Mandatory | G69: The angle alpha indicates the deviation of the [001]-direction from the symmetry axis of the respective cast (as-tested material). Values in worksheet "Single_crystal_orientation" | H69: * | J69: =EXACT(G69,'Vh5205_C-85'!G69) -> TRUE
A70: 67 | B70: Material related-->History and condition of the material-->Microstructure--> | C70: Single crystal orientation - Determination method, measuring point | F70: Mandatory | G70: A Scorpio system (DOI: 10.1088/0957-0233/6/1/021) was used. The orientation was determined at the lower end (right side in file "Test-piece-location.pdf") of each cast. | H70: * | J70: =EXACT(G70,'Vh5205_C-85'!G70) -> TRUE
A71: 68 | B71: Material related-->History and condition of the material-->Microstructure--> | C71: Accuracy of the determination of the single crystal orientation | F71: Optional | J71: =EXACT(G71,'Vh5205_C-85'!G71) -> TRUE
A72: 69 | B72: Material related-->History and condition of the material-->Results from NDT--> | C72: Crack inspection: e.g., Penetrant certification/Radiographic certification/XCT | F72: Optional | J72: =EXACT(G72,'Vh5205_C-85'!G72) -> TRUE
A73: 70 | B73: Material related-->History and condition of the material-->Results from NDT--> | C73: X-Ray film | F73: Optional | J73: =EXACT(G73,'Vh5205_C-85'!G73) -> TRUE
A74: 71 | B74: Material related-->History and condition of the material-->Results from other mech. tests--> | C74: 0.2 % Proof strength at room temperature | E74: MPa | F74: Optional | J74: =EXACT(G74,'Vh5205_C-85'!G74) -> TRUE
A75: 72 | B75: Material related-->History and condition of the material-->Results from other mech. tests--> | C75: 0.2 % Proof strength at creep test temperature | E75: MPa | F75: Optional | G75: See worksheet "Rp0.2" | H75: * | J75: =EXACT(G75,'Vh5205_C-85'!G75) -> TRUE
A76: 73 | B76: Material related-->History and condition of the material-->Results from other mech. tests--> | C76: Hardness | F76: Optional | J76: =EXACT(G76,'Vh5205_C-85'!G76) -> TRUE
A77: 74 | B77: Material related-->Test piece--> | C77: Test piece ID | F77: Optional | G77: Vh5205_C-94 | J77: =EXACT(G77,'Vh5205_C-85'!G77) -> FALSE
A78: 75 | B78: Material related-->Test piece--> | C78: Workshop order ID/ref. | F78: Optional | J78: =EXACT(G78,'Vh5205_C-85'!G78) -> TRUE
A79: 76 | B79: Material related-->Test piece--> | C79: Test piece history | F79: Optional | G79: No previous experiments | H79: * | J79: =EXACT(G79,'Vh5205_C-85'!G79) -> TRUE
A80: 77 | B80: Material related-->Test piece--> | C80: Type of test piece I | F80: Mandatory | G80: Specimen according to DIN EN ISO 204:2019-4 | H80: * | J80: =EXACT(G80,'Vh5205_C-85'!G80) -> TRUE
A81: 78 | B81: Material related-->Test piece--> | C81: Type of test piece II | F81: Mandatory | G81: Round cross section | H81: * | J81: =EXACT(G81,'Vh5205_C-85'!G81) -> TRUE
A82: 79 | B82: Material related-->Test piece--> | C82: Type of test piece III | F82: Mandatory | G82: Smooth test piece | H82: * | J82: =EXACT(G82,'Vh5205_C-85'!G82) -> TRUE
A83: 80 | B83: Material related-->Test piece--> | C83: Test piece technical drawing | F83: Mandatory | G83: See file "TestPieceCreepTests-TechnicalDrawing-FormA.pdf" Specimen's dimensions correspond to "Form A", see table in file. | H83: * | J83: =EXACT(G83,'Vh5205_C-85'!G83) -> TRUE
A84: 81 | B84: Material related-->Test piece--> | C84: Location of the test piece within the as-tested material | F84: Mandatory | G84: See file "Test-piece-location.pdf" | H84: * | J84: =EXACT(G84,'Vh5205_C-85'!G84) -> TRUE
A85: 82 | B85: Material related-->Test piece--> | C85: Positioning (Laue, precision) - Description whether coordinate systems of as-tested material and test piece coincide, and of the alignment in the test machine | F85: Mandatory | G85: The axis of the cast (as-tested material), the creep test piece, and the load axis match. | H85: * | J85: =EXACT(G85,'Vh5205_C-85'!G85) -> TRUE
A86: 83 | B86: Material related-->Test piece--> | C86: Further information about sample(s) | E86: µm | F86: Optional | G86: Surface roughness values, Rz [µm], available for each test piece. Measurement protocols are available in the laboratory. Finishing was carried out using cylindrical grinding. Values in worksheet "Roughness" | H86: * | J86: =EXACT(G86,'Vh5205_C-85'!G86) -> TRUE
A87: 84 | B87: Measuring and test equipment-->Test machine--> | C87: Test machine ID | F87: Optional | G87: Zug 07 | H87: * | J87: =EXACT(G87,'Vh5205_C-85'!G87) -> TRUE
A88: 85 | B88: Measuring and test equipment-->Test machine--> | C88: Type of test machine | F88: Optional | G88: Lever arm, Leverage ratio 1:20.4 | H88: * | J88: =EXACT(G88,'Vh5205_C-85'!G88) -> TRUE
A89: 86 | B89: Measuring and test equipment-->Test machine--> | C89: Min. applied force | E89: kN | F89: Optional | G89: 1 | H89: * | J89: =EXACT(G89,'Vh5205_C-85'!G89) -> TRUE
A90: 87 | B90: Measuring and test equipment-->Test machine--> | C90: Max. applied force | E90: kN | F90: Optional | G90: 20 | H90: * | J90: =EXACT(G90,'Vh5205_C-85'!G90) -> TRUE
A91: 88 | B91: Measuring and test equipment-->Test machine--> | C91: Verification of Test Frame and Specimen Alignment according to ASTM E1012? | F91: Mandatory | G91: Yes. Verification was performed according to ASTM E1012 on 18.07.2011. | H91: * | J91: =EXACT(G91,'Vh5205_C-85'!G91) -> TRUE
A92: 89 | B92: Measuring and test equipment-->Test machine--> | C92: Please provide a description on the procedure followed for the Verification of Test Frame and Specimen Alignment if different from ASTM E1012 | F92: Mandatory | G92: Not applicable since verification was performed according to ASTM E1012 | H92: * | J92: =EXACT(G92,'Vh5205_C-85'!G92) -> TRUE
A93: 90 | B93: Measuring and test equipment-->Test machine--> | C93: Calibration class (Alignment) | F93: Mandatory | G93: Verification: the machine fulfills the requirements for test forces >2 kN Protocol of alignment is available in the laboratory. | H93: * | J93: =EXACT(G93,'Vh5205_C-85'!G93) -> TRUE
A94: 91 | B94: Measuring and test equipment-->Test machine-->Data acquisition--> | C94: Data acquisition unit - Model information | F94: Optional | G94: National Instruments NI SXCI-1600 | H94: * | J94: =EXACT(G94,'Vh5205_C-85'!G94) -> TRUE
A95: 92 | B95: Measuring and test equipment-->Test machine-->Data acquisition--> | C95: Data acquisition unit - Laboratory ID | F95: Optional | G95: 19.08 | H95: * | J95: =EXACT(G95,'Vh5205_C-85'!G95) -> TRUE
A96: 93 | B96: Measuring and test equipment-->Test machine-->Data acquisition--> | C96: Data acquisition software and version | F96: Mandatory | G96: Lab's own development (v22.08.22) | H96: * | J96: =EXACT(G96,'Vh5205_C-85'!G96) -> TRUE
A97: 94 | B97: Measuring and test equipment-->Test machine-->Data acquisition--> | C97: Data acquisition - description | F97: Mandatory | G97: See worksheets "Data-acquisition" and "Data-acquisition-creep" | H97: * | J97: =EXACT(G97,'Vh5205_C-85'!G97) -> TRUE
A98: 95 | B98: Measuring and test equipment-->Test machine-->Data acquisition--> | C98: Was the time checked during data acquisition? | F98: Optional | G98: Yes | H98: * | J98: =EXACT(G98,'Vh5205_C-85'!G98) -> TRUE
A99: 96 | B99: Measuring and test equipment-->Test force-->Loading system--> | C99: Was the loading system calibrated/verified? | F99: Mandatory | G99: Yes | H99: * | J99: =EXACT(G99,'Vh5205_C-85'!G99) -> TRUE
A100: 97 | B100: Measuring and test equipment-->Test force-->Loading system--> | C100: Calibration certificate | F100: Optional | J100: =EXACT(G100,'Vh5205_C-85'!G100) -> TRUE
...

Sheet Vh5205_C-95
F1: Mandatory
F2: Optional
A3: ROW | B3: CATEGORIZATION | C3: ENTRY | D3: SYMBOL | E3: UNIT | F3: REQUIREMENT | H3: * Information common to all tests
A4: 1 | B4: Test info-->Test job details--> | C4: Date of test start | F4: Mandatory | G4: 45168.379 | J4: =EXACT(G4,'Vh5205_C-94'!G4) -> FALSE
A5: 2 | B5: Test info-->Test job details--> | C5: Data of test end | F5: Mandatory | G5: 45210.463 | J5: =EXACT(G5,'Vh5205_C-94'!G5) -> FALSE
A6: 3 | B6: Test info-->Test job details--> | C6: Test ID | F6: Mandatory | G6: Vh5205_C-95 | J6: =EXACT(G6,'Vh5205_C-94'!G6) -> FALSE
A7: 4 | B7: Test info-->Test job details--> | C7: Project | F7: Optional | G7: Vh 5205 | H7: * | J7: =EXACT(G7,'Vh5205_C-94'!G7) -> TRUE
A8: 5 | B8: Test info-->Test job details--> | C8: Test order | F8: Optional | G8: Not applicable | H8: * | J8: =EXACT(G8,'Vh5205_C-94'!G8) -> TRUE
A9: 6 | B9: Test info-->Test parameters--> | C9: Was the test performed according to a test standard? | F9: Mandatory | G9: Yes | H9: * | J9: =EXACT(G9,'Vh5205_C-94'!G9) -> TRUE
A10: 7 | B10: Test info-->Test parameters--> | C10: Test standard | F10: Mandatory | G10: DIN EN ISO 204:2019-4 | H10: * | J10: =EXACT(G10,'Vh5205_C-94'!G10) -> TRUE
A11: 8 | B11: Test info-->Test parameters--> | C11: Specified temperature | D11: T | E11: °C | F11: Mandatory | G11: 980 °C | H11: * | J11: =EXACT(G11,'Vh5205_C-94'!G11) -> TRUE
A12: 9 | B12: Test info-->Test parameters--> | C12: Type of loading | F12: Mandatory | G12: Tension | H12: * | J12: =EXACT(G12,'Vh5205_C-94'!G12) -> TRUE
A13: 10 | B13: Test info-->Test parameters--> | C13: Load control type | F13: Mandatory | G13: Constant force | H13: * | J13: =EXACT(G13,'Vh5205_C-94'!G13) -> TRUE
A14: 11 | B14: Test info-->Test parameters--> | C14: Initial stress | D14: Ro | E14: MPa | F14: Mandatory | G14: 140 | J14: =EXACT(G14,'Vh5205_C-94'!G14) -> TRUE
A15: 12 | B15: Test info-->Test parameters--> | C15: Test type | F15: Mandatory | G15: Uninterrupted creep tests with continuous monitoring of extension | H15: * | J15: =EXACT(G15,'Vh5205_C-94'!G15) -> TRUE
A16: 13 | B16: Test info-->Test parameters--> | C16: End of test criterium | F16: Mandatory | G16: Time limit | J16: =EXACT(G16,'Vh5205_C-94'!G16) -> TRUE
A17: 14 | B17: Test info-->Test parameters--> | C17: End of test criterium - value (if not test piece break) | F17: Mandatory | G17: > 1000 h | J17: =EXACT(G17,'Vh5205_C-94'!G17) -> TRUE
A18: 15 | B18: Test info-->Test parameters--> | C18: Interruption course | F18: Mandatory | G18: Unloading after cooling | J18: =EXACT(G18,'Vh5205_C-94'!G18) -> TRUE
A19: 16 | B19: Test info-->Test parameters--> | C19: Test force | E19: kN | F19: Optional | J19: =EXACT(G19,'Vh5205_C-94'!G19) -> TRUE
A20: 17 | B20: Test info-->Test parameters--> | C20: Preload (Part of the test force) | E20: kN | F20: Mandatory | G20: 0,2 kN (20.4 kg) | H20: * | J20: =EXACT(G20,'Vh5205_C-94'!G20) -> TRUE
A21: 18 | B21: Test info-->Test parameters--> | C21: Other additional information (e.g. if constant stress) | F21: Optional | J21: =EXACT(G21,'Vh5205_C-94'!G21) -> TRUE
A22: 19 | B22: Test info-->Related research outcome--> | C22: Related article(s) available? | F22: Optional | G22: No | H22: * | J22: =EXACT(G22,'Vh5205_C-94'!G22) -> TRUE
A23: 20 | B23: Test info-->Related research outcome--> | C23: DOI Article 1 | F23: Optional | J23: =EXACT(G23,'Vh5205_C-94'!G23) -> TRUE
A24: 21 | B24: Test info-->Related research outcome--> | C24: Short description of content article 1 | F24: Optional | J24: =EXACT(G24,'Vh5205_C-94'!G24) -> TRUE
A25: 22 | B25: Test info-->Related research outcome--> | C25: DOI Article 2 | F25: Optional | J25: =EXACT(G25,'Vh5205_C-94'!G25) -> TRUE
A26: 23 | B26: Test info-->Related research outcome--> | C26: Short description of content article 2 | F26: Optional | J26: =EXACT(G26,'Vh5205_C-94'!G26) -> TRUE
A27: 24 | B27: Test info-->Related research outcome--> | C27: DOI Article n | F27: Optional | J27: =EXACT(G27,'Vh5205_C-94'!G27) -> TRUE
A28: 25 | B28: Test info-->Related research outcome--> | C28: Short description of content article n | F28: Optional | J28: =EXACT(G28,'Vh5205_C-94'!G28) -> TRUE
A29: 26 | B29: Material related-->History and condition of the material--> | C29: (Digital) Material Identifier | F29: Mandatory | G29: CMSX-6 | H29: * | J29: =EXACT(G29,'Vh5205_C-94'!G29) -> TRUE
A30: 27 | B30: Material related-->History and condition of the material-->As-manufactured material--> | C30: Information on phase equilibrium | F30: Optional | J30: =EXACT(G30,'Vh5205_C-94'!G30) -> TRUE
A31: 28 | B31: Material related-->History and condition of the material-->As-manufactured material--> | C31: Type of as-manufactured material (Cast / Ingot / Extrusion rod / …) | F31: Mandatory | G31: Ingot | H31: * | J31: =EXACT(G31,'Vh5205_C-94'!G31) -> TRUE
A32: 29 | B32: Material related-->History and condition of the material-->As-manufactured material--> | C32: Description of the as-manufactured material (geometry and dimensions) | F32: Mandatory | G32: Ingot with 4" Diameter | H32: * | J32: =EXACT(G32,'Vh5205_C-94'!G32) -> TRUE
A33: 30 | B33: Material related-->History and condition of the material-->As-manufactured material--> | C33: Description of the manufacturing process - as-manufactured material | F33: Optional | G33: Vacuum Induction Refined | H33: * | J33: =EXACT(G33,'Vh5205_C-94'!G33) -> TRUE
A34: 31 | B34: Material related-->History and condition of the material-->As-manufactured material--> | C34: Casting temperature | E34: °C | F34: Optional | J34: =EXACT(G34,'Vh5205_C-94'!G34) -> TRUE
A35: 32 | B35: Material related-->History and condition of the material-->As-manufactured material--> | C35: Casting speed | F35: Optional | J35: =EXACT(G35,'Vh5205_C-94'!G35) -> TRUE
A36: 33 | B36: Material related-->History and condition of the material-->As-manufactured material--> | C36: Single or polycrystal solidified | F36: Mandatory | G36: Single Crystal | H36: * | J36: =EXACT(G36,'Vh5205_C-94'!G36) -> TRUE
A37: 34 | B37: Material related-->History and condition of the material-->As-manufactured material--> | C37: Condition | F37: Mandatory | G37: Heat Treated | H37: * | J37: =EXACT(G37,'Vh5205_C-94'!G37) -> TRUE
A38: 35 | B38: Material related-->History and condition of the material-->As-tested material--> | C38: Supplier | F38: Mandatory | G38: PCC Airfoils, Inc. Minerva, Ohio. | H38: * | J38: =EXACT(G38,'Vh5205_C-94'!G38) -> TRUE
A39: 36 | B39: Material related-->History and condition of the material-->As-tested material--> | C39: Description of the as-tested material (geometry and dimensions) - The test piece is manufactured from the tested material. | F39: Mandatory | G39: Single Crystal Investment Cast See image file "Test-piece-location.pdf" For details see DOI: 10.7449/1980/Superalloys_1980_205_214, and DOI: 10.7449/1984/Superalloys_1984_167_176 | H39: * | J39: =EXACT(G39,'Vh5205_C-94'!G39) -> TRUE
A40: 37 | B40: Material related-->History and condition of the material-->As-tested material--> | C40: Description of the manufacturing process - as-tested material | F40: Mandatory | G40: Single Crystal Investment Casting from a Vacuum Induction Refined Ingot and subsequent Heat Treatment (annealed and aged). | H40: * | J40: =EXACT(G40,'Vh5205_C-94'!G40) -> TRUE
A41: 38 | B41: Material related-->History and condition of the material-->As-tested material--> | C41: Date of supply | F41: Mandatory | G41: 35458 | H41: * | J41: =EXACT(G41,'Vh5205_C-94'!G41) -> TRUE
A42: 39 | B42: Material related-->History and condition of the material-->As-tested material--> | C42: Order number | F42: Optional | H42: * | J42: =EXACT(G42,'Vh5205_C-94'!G42) -> TRUE
A43: 40 | B43: Material related-->History and condition of the material-->As-tested material--> | C43: Supplier sample ID | F43: Optional | H43: * | J43: =EXACT(G43,'Vh5205_C-94'!G43) -> TRUE
A44: 41 | B44: Material related-->History and condition of the material-->Heat treatment--> | C44: Heat treatment - State | F44: Mandatory | G44: Aged | H44: * | J44: =EXACT(G44,'Vh5205_C-94'!G44) -> TRUE
A45: 42 | B45: Material related-->History and condition of the material-->Heat treatment--> | C45: Multistage annealing? | F45: Optional | G45: Yes | H45: * | J45: =EXACT(G45,'Vh5205_C-94'!G45) -> TRUE
A46: 43 | B46: Material related-->History and condition of the material-->Heat treatment--> | C46: Multistage ageing? | F46: Optional | G46: Yes | H46: * | J46: =EXACT(G46,'Vh5205_C-94'!G46) -> TRUE
A47: 44 | B47: Material related-->History and condition of the material-->Heat treatment--> | C47: Atmosphere | F47: Optional | G47: See description | H47: * | J47: =EXACT(G47,'Vh5205_C-94'!G47) -> TRUE
A48: 45 | B48: Material related-->History and condition of the material-->Heat treatment--> | C48: Heat treatment - Annealing - Description | F48: Mandatory | G48: See worksheet "Heat_treatment" | H48: * | J48: =EXACT(G48,'Vh5205_C-94'!G48) -> TRUE
A49: 46 | B49: Material related-->History and condition of the material-->Heat treatment--> | C49: Heat treatment - Ageing - Description | F49: Mandatory | G49: See worksheet "Heat_treatment" | H49: * | J49: =EXACT(G49,'Vh5205_C-94'!G49) -> TRUE
A50: 47 | B50: Material related-->History and condition of the material-->Heat treatment--> | C50: Heat treatment - Protocol file | F50: Optional | J50: =EXACT(G50,'Vh5205_C-94'!G50) -> TRUE
A51: 48 | B51: Material related-->History and condition of the material-->Chemical composition--> | C51: Chemical composition - nominal | E51: wt.-% | F51: Mandatory | G51: See worksheet "Ch.-Comp._nominal" | H51: * | J51: =EXACT(G51,'Vh5205_C-94'!G51) -> TRUE
A52: 49 | B52: Material related-->History and condition of the material-->Chemical composition--> | C52: Chemical composition - measured (including precision) | E52: wt.-% | F52: Mandatory | G52: See worksheet "Ch.-Comp._measured" | H52: * | J52: =EXACT(G52,'Vh5205_C-94'!G52) -> TRUE
A53: 50 | B53: Material related-->History and condition of the material-->Chemical composition--> | C53: Measurement method | F53: Mandatory | G53: See worksheet "Ch.-Comp._measured" | H53: * | J53: =EXACT(G53,'Vh5205_C-94'!G53) -> TRUE
A54: 51 | B54: Material related-->History and condition of the material-->Chemical composition--> | C54: Measuring point | F54: Optional | G54: Master melt | H54: * | J54: =EXACT(G54,'Vh5205_C-94'!G54) -> TRUE
A55: 52 | B55: Material related-->History and condition of the material-->Chemical composition--> | C55: Partitioning of alloy elements in microstructure (dendrite cores and ID regions) | F55: Optional | J55: =EXACT(G55,'Vh5205_C-94'!G55) -> TRUE
A56: 53 | B56: Material related-->History and condition of the material-->Chemical composition--> | C56: Chemical composition in gamma and gamma' regions (dendrite cores and ID regions) | F56: Optional | J56: =EXACT(G56,'Vh5205_C-94'!G56) -> TRUE
A57: 54 | B57: Material related-->History and condition of the material-->Microstructure--> | C57: Type of investigation (characterization method) | F57: Mandatory | G57: Laue Crystal Verification | H57: * | J57: =EXACT(G57,'Vh5205_C-94'!G57) -> TRUE
A58: 55 | B58: Material related-->History and condition of the material-->Microstructure--> | C58: Grain size (if polycrystal) | E58: µm | F58: Mandatory | G58: Not applicable | H58: * | J58: =EXACT(G58,'Vh5205_C-94'!G58) -> TRUE
A59: 56 | B59: Material related-->History and condition of the material-->Microstructure--> | C59: Grain size - Determination method, measuring point | F59: Mandatory | G59: Not applicable | H59: * | J59: =EXACT(G59,'Vh5205_C-94'!G59) -> TRUE
A60: 57 | B60: Material related-->History and condition of the material-->Microstructure--> | C60: Grain size - documentation | F60: Optional | G60: Not applicable | H60: * | J60: =EXACT(G60,'Vh5205_C-94'!G60) -> TRUE
A61: 58 | B61: Material related-->History and condition of the material-->Microstructure--> | C61: Completely dissolved and re-precipitated gamma-gamma' regions | E61: % | F61: Optional | J61: =EXACT(G61,'Vh5205_C-94'!G61) -> TRUE
A62: 59 | B62: Material related-->History and condition of the material-->Microstructure--> | C62: Gamma'-particles', average size | E62: µm | F62: Optional | J62: =EXACT(G62,'Vh5205_C-94'!G62) -> TRUE
A63: 60 | B63: Material related-->History and condition of the material-->Microstructure--> | C63: Gamma'-particles', maximum size | E63: µm | F63: Optional | J63: =EXACT(G63,'Vh5205_C-94'!G63) -> TRUE
A64: 61 | B64: Material related-->History and condition of the material-->Microstructure--> | C64: Dendrite spacings | F64: Optional | J64: =EXACT(G64,'Vh5205_C-94'!G64) -> TRUE
A65: 62 | B65: Material related-->History and condition of the material-->Microstructure--> | C65: Microstructure after test (SX/PX, gprime-Vol, gprime-size, dendrites) | F65: Optional | J65: =EXACT(G65,'Vh5205_C-94'!G65) -> TRUE
A66: 63 | B66: Material related-->History and condition of the material-->Microstructure--> | C66: Images of the microstructure before testing | F66: Optional | G66: See file "Microstructure-before-testing.pdf" | H66: * | J66: =EXACT(G66,'Vh5205_C-94'!G66) -> TRUE
A67: 64 | B67: Material related-->History and condition of the material-->Microstructure--> | C67: Images of the microstructure after testing | F67: Optional | J67: =EXACT(G67,'Vh5205_C-94'!G67) -> TRUE
A68: 65 | B68: Material related-->History and condition of the material-->Microstructure--> | C68: Proof of single crystallinity | F68: Optional | G68: The absence of grain boundaries was verified by visual inspection of the investment casts surface after electrolytical etching. | H68: * | J68: =EXACT(G68,'Vh5205_C-94'!G68) -> TRUE
A69: 66 | B69: Material related-->History and condition of the material-->Microstructure--> | C69: Single crystal orientation (Laue Crystal Verification. Must be documented for each test piece) | E69: ° | F69: Mandatory | G69: The angle alpha indicates the deviation of the [001]-direction from the symmetry axis of the respective cast (as-tested material). Values in worksheet "Single_crystal_orientation" | H69: * | J69: =EXACT(G69,'Vh5205_C-94'!G69) -> TRUE
A70: 67 | B70: Material related-->History and condition of the material-->Microstructure--> | C70: Single crystal orientation - Determination method, measuring point | F70: Mandatory | G70: A Scorpio system (DOI: 10.1088/0957-0233/6/1/021) was used. The orientation was determined at the lower end (right side in file "Test-piece-location.pdf") of each cast. | H70: * | J70: =EXACT(G70,'Vh5205_C-94'!G70) -> TRUE
A71: 68 | B71: Material related-->History and condition of the material-->Microstructure--> | C71: Accuracy of the determination of the single crystal orientation | F71: Optional | J71: =EXACT(G71,'Vh5205_C-94'!G71) -> TRUE
A72: 69 | B72: Material related-->History and condition of the material-->Results from NDT--> | C72: Crack inspection: e.g., Penetrant certification/Radiographic certification/XCT | F72: Optional | J72: =EXACT(G72,'Vh5205_C-94'!G72) -> TRUE
A73: 70 | B73: Material related-->History and condition of the material-->Results from NDT--> | C73: X-Ray film | F73: Optional | J73: =EXACT(G73,'Vh5205_C-94'!G73) -> TRUE
A74: 71 | B74: Material related-->History and condition of the material-->Results from other mech. tests--> | C74: 0.2 % Proof strength at room temperature | E74: MPa | F74: Optional | J74: =EXACT(G74,'Vh5205_C-94'!G74) -> TRUE
A75: 72 | B75: Material related-->History and condition of the material-->Results from other mech. tests--> | C75: 0.2 % Proof strength at creep test temperature | E75: MPa | F75: Optional | G75: See worksheet "Rp0.2" | H75: * | J75: =EXACT(G75,'Vh5205_C-94'!G75) -> TRUE
A76: 73 | B76: Material related-->History and condition of the material-->Results from other mech. tests--> | C76: Hardness | F76: Optional | J76: =EXACT(G76,'Vh5205_C-94'!G76) -> TRUE
A77: 74 | B77: Material related-->Test piece--> | C77: Test piece ID | F77: Optional | G77: Vh5205_C-95 | J77: =EXACT(G77,'Vh5205_C-94'!G77) -> FALSE
A78: 75 | B78: Material related-->Test piece--> | C78: Workshop order ID/ref. | F78: Optional | J78: =EXACT(G78,'Vh5205_C-94'!G78) -> TRUE
A79: 76 | B79: Material related-->Test piece--> | C79: Test piece history | F79: Optional | G79: No previous experiments | H79: * | J79: =EXACT(G79,'Vh5205_C-94'!G79) -> TRUE
A80: 77 | B80: Material related-->Test piece--> | C80: Type of test piece I | F80: Mandatory | G80: Specimen according to DIN EN ISO 204:2019-4 | H80: * | J80: =EXACT(G80,'Vh5205_C-94'!G80) -> TRUE
A81: 78 | B81: Material related-->Test piece--> | C81: Type of test piece II | F81: Mandatory | G81: Round cross section | H81: * | J81: =EXACT(G81,'Vh5205_C-94'!G81) -> TRUE
A82: 79 | B82: Material related-->Test piece--> | C82: Type of test piece III | F82: Mandatory | G82: Smooth test piece | H82: * | J82: =EXACT(G82,'Vh5205_C-94'!G82) -> TRUE
A83: 80 | B83: Material related-->Test piece--> | C83: Test piece technical drawing | F83: Mandatory | G83: See file "TestPieceCreepTests-TechnicalDrawing-FormA.pdf" Specimen's dimensions correspond to "Form A", see table in file. | H83: * | J83: =EXACT(G83,'Vh5205_C-94'!G83) -> TRUE
A84: 81 | B84: Material related-->Test piece--> | C84: Location of the test piece within the as-tested material | F84: Mandatory | G84: See file "Test-piece-location.pdf" | H84: * | J84: =EXACT(G84,'Vh5205_C-94'!G84) -> TRUE
A85: 82 | B85: Material related-->Test piece--> | C85: Positioning (Laue, precision) - Description whether coordinate systems of as-tested material and test piece coincide, and of the alignment in the test machine | F85: Mandatory | G85: The axis of the cast (as-tested material), the creep test piece, and the load axis match. | H85: * | J85: =EXACT(G85,'Vh5205_C-94'!G85) -> TRUE
A86: 83 | B86: Material related-->Test piece--> | C86: Further information about sample(s) | E86: µm | F86: Optional | G86: Surface roughness values, Rz [µm], available for each test piece. Measurement protocols are available in the laboratory. Finishing was carried out using cylindrical grinding. Values in worksheet "Roughness" | H86: * | J86: =EXACT(G86,'Vh5205_C-94'!G86) -> TRUE
A87: 84 | B87: Measuring and test equipment-->Test machine--> | C87: Test machine ID | F87: Optional | G87: Zug 07 | H87: * | J87: =EXACT(G87,'Vh5205_C-94'!G87) -> TRUE
A88: 85 | B88: Measuring and test equipment-->Test machine--> | C88: Type of test machine | F88: Optional | G88: Lever arm, Leverage ratio 1:20.4 | H88: * | J88: =EXACT(G88,'Vh5205_C-94'!G88) -> TRUE
A89: 86 | B89: Measuring and test equipment-->Test machine--> | C89: Min. applied force | E89: kN | F89: Optional | G89: 1 | H89: * | J89: =EXACT(G89,'Vh5205_C-94'!G89) -> TRUE
A90: 87 | B90: Measuring and test equipment-->Test machine--> | C90: Max. applied force | E90: kN | F90: Optional | G90: 20 | H90: * | J90: =EXACT(G90,'Vh5205_C-94'!G90) -> TRUE
A91: 88 | B91: Measuring and test equipment-->Test machine--> | C91: Verification of Test Frame and Specimen Alignment according to ASTM E1012? | F91: Mandatory | G91: Yes. Verification was performed according to ASTM E1012 on 18.07.2011. | H91: * | J91: =EXACT(G91,'Vh5205_C-94'!G91) -> TRUE
A92: 89 | B92: Measuring and test equipment-->Test machine--> | C92: Please provide a description on the procedure followed for the Verification of Test Frame and Specimen Alignment if different from ASTM E1012 | F92: Mandatory | G92: Not applicable since verification was performed according to ASTM E1012 | H92: * | J92: =EXACT(G92,'Vh5205_C-94'!G92) -> TRUE
A93: 90 | B93: Measuring and test equipment-->Test machine--> | C93: Calibration class (Alignment) | F93: Mandatory | G93: Verification: the machine fulfills the requirements for test forces >2 kN Protocol of alignment is available in the laboratory. | H93: * | J93: =EXACT(G93,'Vh5205_C-94'!G93) -> TRUE
A94: 91 | B94: Measuring and test equipment-->Test machine-->Data acquisition--> | C94: Data acquisition unit - Model information | F94: Optional | G94: National Instruments NI SXCI-1600 | H94: * | J94: =EXACT(G94,'Vh5205_C-94'!G94) -> TRUE
A95: 92 | B95: Measuring and test equipment-->Test machine-->Data acquisition--> | C95: Data acquisition unit - Laboratory ID | F95: Optional | G95: 19.08 | H95: * | J95: =EXACT(G95,'Vh5205_C-94'!G95) -> TRUE
A96: 93 | B96: Measuring and test equipment-->Test machine-->Data acquisition--> | C96: Data acquisition software and version | F96: Mandatory | G96: Lab's own development (v22.08.22) | H96: * | J96: =EXACT(G96,'Vh5205_C-94'!G96) -> TRUE
A97: 94 | B97: Measuring and test equipment-->Test machine-->Data acquisition--> | C97: Data acquisition - description | F97: Mandatory | G97: See worksheets "Data-acquisition" and "Data-acquisition-creep" | H97: * | J97: =EXACT(G97,'Vh5205_C-94'!G97) -> TRUE
A98: 95 | B98: Measuring and test equipment-->Test machine-->Data acquisition--> | C98: Was the time checked during data acquisition? | F98: Optional | G98: Yes | H98: * | J98: =EXACT(G98,'Vh5205_C-94'!G98) -> TRUE
A99: 96 | B99: Measuring and test equipment-->Test force-->Loading system--> | C99: Was the loading system calibrated/verified? | F99: Mandatory | G99: Yes | H99: * | J99: =EXACT(G99,'Vh5205_C-94'!G99) -> TRUE
A100: 97 | B100: Measuring and test equipment-->Test force-->Loading system--> | C100: Calibration certificate | F100: Optional | J100: =EXACT(G100,'Vh5205_C-94'!G100) -> TRUE
...

Sheet Vh5205_C-81
F1: Mandatory
F2: Optional
A3: ROW | B3: CATEGORIZATION | C3: ENTRY | D3: SYMBOL | E3: UNIT | F3: REQUIREMENT | H3: * Information common to all tests
A4: 1 | B4: Test info-->Test job details--> | C4: Date of test start | F4: Mandatory | G4: 45041.383 | J4: =EXACT(G4,'Vh5205_C-95'!G4) -> FALSE
A5: 2 | B5: Test info-->Test job details--> | C5: Data of test end | F5: Mandatory | G5: 45061.842 | J5: =EXACT(G5,'Vh5205_C-95'!G5) -> FALSE
A6: 3 | B6: Test info-->Test job details--> | C6: Test ID | F6: Mandatory | G6: Vh5205_C-81 | J6: =EXACT(G6,'Vh5205_C-95'!G6) -> FALSE
A7: 4 | B7: Test info-->Test job details--> | C7: Project | F7: Optional | G7: Vh 5205 | H7: * | J7: =EXACT(G7,'Vh5205_C-95'!G7) -> TRUE
A8: 5 | B8: Test info-->Test job details--> | C8: Test order | F8: Optional | G8: Not applicable | H8: * | J8: =EXACT(G8,'Vh5205_C-95'!G8) -> TRUE
A9: 6 | B9: Test info-->Test parameters--> | C9: Was the test performed according to a test standard? | F9: Mandatory | G9: Yes | H9: * | J9: =EXACT(G9,'Vh5205_C-95'!G9) -> TRUE
A10: 7 | B10: Test info-->Test parameters--> | C10: Test standard | F10: Mandatory | G10: DIN EN ISO 204:2019-4 | H10: * | J10: =EXACT(G10,'Vh5205_C-95'!G10) -> TRUE
A11: 8 | B11: Test info-->Test parameters--> | C11: Specified temperature | D11: T | E11: °C | F11: Mandatory | G11: 980 °C | H11: * | J11: =EXACT(G11,'Vh5205_C-95'!G11) -> TRUE
A12: 9 | B12: Test info-->Test parameters--> | C12: Type of loading | F12: Mandatory | G12: Tension | H12: * | J12: =EXACT(G12,'Vh5205_C-95'!G12) -> TRUE
A13: 10 | B13: Test info-->Test parameters--> | C13: Load control type | F13: Mandatory | G13: Constant force | H13: * | J13: =EXACT(G13,'Vh5205_C-95'!G13) -> TRUE
A14: 11 | B14: Test info-->Test parameters--> | C14: Initial stress | D14: Ro | E14: MPa | F14: Mandatory | G14: 170 | J14: =EXACT(G14,'Vh5205_C-95'!G14) -> FALSE
A15: 12 | B15: Test info-->Test parameters--> | C15: Test type | F15: Mandatory | G15: Uninterrupted creep tests with continuous monitoring of extension | H15: * | J15: =EXACT(G15,'Vh5205_C-95'!G15) -> TRUE
A16: 13 | B16: Test info-->Test parameters--> | C16: End of test criterium | F16: Mandatory | G16: Test piece break | J16: =EXACT(G16,'Vh5205_C-95'!G16) -> FALSE
A17: 14 | B17: Test info-->Test parameters--> | C17: End of test criterium - value (if not test piece break) | F17: Mandatory | G17: Not applicable | J17: =EXACT(G17,'Vh5205_C-95'!G17) -> FALSE
A18: 15 | B18: Test info-->Test parameters--> | C18: Interruption course | F18: Mandatory | G18: Not applicable | J18: =EXACT(G18,'Vh5205_C-95'!G18) -> FALSE
A19: 16 | B19: Test info-->Test parameters--> | C19: Test force | E19: kN | F19: Optional | J19: =EXACT(G19,'Vh5205_C-95'!G19) -> TRUE
A20: 17 | B20: Test info-->Test parameters--> | C20: Preload (Part of the test force) | E20: kN | F20: Mandatory | G20: 0,2 kN (20.4 kg) | H20: * | J20: =EXACT(G20,'Vh5205_C-95'!G20) -> TRUE
A21: 18 | B21: Test info-->Test parameters--> | C21: Other additional information (e.g. if constant stress) | F21: Optional | J21: =EXACT(G21,'Vh5205_C-95'!G21) -> TRUE
A22: 19 | B22: Test info-->Related research outcome--> | C22: Related article(s) available? | F22: Optional | G22: No | H22: * | J22: =EXACT(G22,'Vh5205_C-95'!G22) -> TRUE
A23: 20 | B23: Test info-->Related research outcome--> | C23: DOI Article 1 | F23: Optional | J23: =EXACT(G23,'Vh5205_C-95'!G23) -> TRUE
A24: 21 | B24: Test info-->Related research outcome--> | C24: Short description of content article 1 | F24: Optional | J24: =EXACT(G24,'Vh5205_C-95'!G24) -> TRUE
A25: 22 | B25: Test info-->Related research outcome--> | C25: DOI Article 2 | F25: Optional | J25: =EXACT(G25,'Vh5205_C-95'!G25) -> TRUE
A26: 23 | B26: Test info-->Related research outcome--> | C26: Short description of content article 2 | F26: Optional | J26: =EXACT(G26,'Vh5205_C-95'!G26) -> TRUE
A27: 24 | B27: Test info-->Related research outcome--> | C27: DOI Article n | F27: Optional | J27: =EXACT(G27,'Vh5205_C-95'!G27) -> TRUE
A28: 25 | B28: Test info-->Related research outcome--> | C28: Short description of content article n | F28: Optional | J28: =EXACT(G28,'Vh5205_C-95'!G28) -> TRUE
A29: 26 | B29: Material related-->History and condition of the material--> | C29: (Digital) Material Identifier | F29: Mandatory | G29: CMSX-6 | H29: * | J29: =EXACT(G29,'Vh5205_C-95'!G29) -> TRUE
A30: 27 | B30: Material related-->History and condition of the material-->As-manufactured material--> | C30: Information on phase equilibrium | F30: Optional | J30: =EXACT(G30,'Vh5205_C-95'!G30) -> TRUE
A31: 28 | B31: Material related-->History and condition of the material-->As-manufactured material--> | C31: Type of as-manufactured material (Cast / Ingot / Extrusion rod / …) | F31: Mandatory | G31: Ingot | H31: * | J31: =EXACT(G31,'Vh5205_C-95'!G31) -> TRUE
A32: 29 | B32: Material related-->History and condition of the material-->As-manufactured material--> | C32: Description of the as-manufactured material (geometry and dimensions) | F32: Mandatory | G32: Ingot with 4" Diameter | H32: * | J32: =EXACT(G32,'Vh5205_C-95'!G32) -> TRUE
A33: 30 | B33: Material related-->History and condition of the material-->As-manufactured material--> | C33: Description of the manufacturing process - as-manufactured material | F33: Optional | G33: Vacuum Induction Refined | H33: * | J33: =EXACT(G33,'Vh5205_C-95'!G33) -> TRUE
A34: 31 | B34: Material related-->History and condition of the material-->As-manufactured material--> | C34: Casting temperature | E34: °C | F34: Optional | J34: =EXACT(G34,'Vh5205_C-95'!G34) -> TRUE
A35: 32 | B35: Material related-->History and condition of the material-->As-manufactured material--> | C35: Casting speed | F35: Optional | J35: =EXACT(G35,'Vh5205_C-95'!G35) -> TRUE
A36: 33 | B36: Material related-->History and condition of the material-->As-manufactured material--> | C36: Single or polycrystal solidified | F36: Mandatory | G36: Single Crystal | H36: * | J36: =EXACT(G36,'Vh5205_C-95'!G36) -> TRUE
A37: 34 | B37: Material related-->History and condition of the material-->As-manufactured material--> | C37: Condition | F37: Mandatory | G37: Heat Treated | H37: * | J37: =EXACT(G37,'Vh5205_C-95'!G37) -> TRUE
A38: 35 | B38: Material related-->History and condition of the material-->As-tested material--> | C38: Supplier | F38: Mandatory | G38: PCC Airfoils, Inc. Minerva, Ohio. | H38: * | J38: =EXACT(G38,'Vh5205_C-95'!G38) -> TRUE
A39: 36 | B39: Material related-->History and condition of the material-->As-tested material--> | C39: Description of the as-tested material (geometry and dimensions) - The test piece is manufactured from the tested material. | F39: Mandatory | G39: Single Crystal Investment Cast See image file "Test-piece-location.pdf" For details see DOI: 10.7449/1980/Superalloys_1980_205_214, and DOI: 10.7449/1984/Superalloys_1984_167_176 | H39: * | J39: =EXACT(G39,'Vh5205_C-95'!G39) -> TRUE
A40: 37 | B40: Material related-->History and condition of the material-->As-tested material--> | C40: Description of the manufacturing process - as-tested material | F40: Mandatory | G40: Single Crystal Investment Casting from a Vacuum Induction Refined Ingot and subsequent Heat Treatment (annealed and aged). | H40: * | J40: =EXACT(G40,'Vh5205_C-95'!G40) -> TRUE
A41: 38 | B41: Material related-->History and condition of the material-->As-tested material--> | C41: Date of supply | F41: Mandatory | G41: 35458 | H41: * | J41: =EXACT(G41,'Vh5205_C-95'!G41) -> TRUE
A42: 39 | B42: Material related-->History and condition of the material-->As-tested material--> | C42: Order number | F42: Optional | H42: * | J42: =EXACT(G42,'Vh5205_C-95'!G42) -> TRUE
A43: 40 | B43: Material related-->History and condition of the material-->As-tested material--> | C43: Supplier sample ID | F43: Optional | H43: * | J43: =EXACT(G43,'Vh5205_C-95'!G43) -> TRUE
A44: 41 | B44: Material related-->History and condition of the material-->Heat treatment--> | C44: Heat treatment - State | F44: Mandatory | G44: Aged | H44: * | J44: =EXACT(G44,'Vh5205_C-95'!G44) -> TRUE
A45: 42 | B45: Material related-->History and condition of the material-->Heat treatment--> | C45: Multistage annealing? | F45: Optional | G45: Yes | H45: * | J45: =EXACT(G45,'Vh5205_C-95'!G45) -> TRUE
A46: 43 | B46: Material related-->History and condition of the material-->Heat treatment--> | C46: Multistage ageing? | F46: Optional | G46: Yes | H46: * | J46: =EXACT(G46,'Vh5205_C-95'!G46) -> TRUE
A47: 44 | B47: Material related-->History and condition of the material-->Heat treatment--> | C47: Atmosphere | F47: Optional | G47: See description | H47: * | J47: =EXACT(G47,'Vh5205_C-95'!G47) -> TRUE
A48: 45 | B48: Material related-->History and condition of the material-->Heat treatment--> | C48: Heat treatment - Annealing - Description | F48: Mandatory | G48: See worksheet "Heat_treatment" | H48: * | J48: =EXACT(G48,'Vh5205_C-95'!G48) -> TRUE
A49: 46 | B49: Material related-->History and condition of the material-->Heat treatment--> | C49: Heat treatment - Ageing - Description | F49: Mandatory | G49: See worksheet "Heat_treatment" | H49: * | J49: =EXACT(G49,'Vh5205_C-95'!G49) -> TRUE
A50: 47 | B50: Material related-->History and condition of the material-->Heat treatment--> | C50: Heat treatment - Protocol file | F50: Optional | J50: =EXACT(G50,'Vh5205_C-95'!G50) -> TRUE
A51: 48 | B51: Material related-->History and condition of the material-->Chemical composition--> | C51: Chemical composition - nominal | E51: wt.-% | F51: Mandatory | G51: See worksheet "Ch.-Comp._nominal" | H51: * | J51: =EXACT(G51,'Vh5205_C-95'!G51) -> TRUE
A52: 49 | B52: Material related-->History and condition of the material-->Chemical composition--> | C52: Chemical composition - measured (including precision) | E52: wt.-% | F52: Mandatory | G52: See worksheet "Ch.-Comp._measured" | H52: * | J52: =EXACT(G52,'Vh5205_C-95'!G52) -> TRUE
A53: 50 | B53: Material related-->History and condition of the material-->Chemical composition--> | C53: Measurement method | F53: Mandatory | G53: See worksheet "Ch.-Comp._measured" | H53: * | J53: =EXACT(G53,'Vh5205_C-95'!G53) -> TRUE
A54: 51 | B54: Material related-->History and condition of the material-->Chemical composition--> | C54: Measuring point | F54: Optional | G54: Master melt | H54: * | J54: =EXACT(G54,'Vh5205_C-95'!G54) -> TRUE
A55: 52 | B55: Material related-->History and condition of the material-->Chemical composition--> | C55: Partitioning of alloy elements in microstructure (dendrite cores and ID regions) | F55: Optional | J55: =EXACT(G55,'Vh5205_C-95'!G55) -> TRUE
A56: 53 | B56: Material related-->History and condition of the material-->Chemical composition--> | C56: Chemical composition in gamma and gamma' regions (dendrite cores and ID regions) | F56: Optional | J56: =EXACT(G56,'Vh5205_C-95'!G56) -> TRUE
A57: 54 | B57: Material related-->History and condition of the material-->Microstructure--> | C57: Type of investigation (characterization method) | F57: Mandatory | G57: Laue Crystal Verification | H57: * | J57: =EXACT(G57,'Vh5205_C-95'!G57) -> TRUE
A58: 55 | B58: Material related-->History and condition of the material-->Microstructure--> | C58: Grain size (if polycrystal) | E58: µm | F58: Mandatory | G58: Not applicable | H58: * | J58: =EXACT(G58,'Vh5205_C-95'!G58) -> TRUE
A59: 56 | B59: Material related-->History and condition of the material-->Microstructure--> | C59: Grain size - Determination method, measuring point | F59: Mandatory | G59: Not applicable | H59: * | J59: =EXACT(G59,'Vh5205_C-95'!G59) -> TRUE
A60: 57 | B60: Material related-->History and condition of the material-->Microstructure--> | C60: Grain size - documentation | F60: Optional | G60: Not applicable | H60: * | J60: =EXACT(G60,'Vh5205_C-95'!G60) -> TRUE
A61: 58 | B61: Material related-->History and condition of the material-->Microstructure--> | C61: Completely dissolved and re-precipitated gamma-gamma' regions | E61: % | F61: Optional | J61: =EXACT(G61,'Vh5205_C-95'!G61) -> TRUE
A62: 59 | B62: Material related-->History and condition of the material-->Microstructure--> | C62: Gamma'-particles', average size | E62: µm | F62: Optional | J62: =EXACT(G62,'Vh5205_C-95'!G62) -> TRUE
A63: 60 | B63: Material related-->History and condition of the material-->Microstructure--> | C63: Gamma'-particles', maximum size | E63: µm | F63: Optional | J63: =EXACT(G63,'Vh5205_C-95'!G63) -> TRUE
A64: 61 | B64: Material related-->History and condition of the material-->Microstructure--> | C64: Dendrite spacings | F64: Optional | J64: =EXACT(G64,'Vh5205_C-95'!G64) -> TRUE
A65: 62 | B65: Material related-->History and condition of the material-->Microstructure--> | C65: Microstructure after test (SX/PX, gprime-Vol, gprime-size, dendrites) | F65: Optional | J65: =EXACT(G65,'Vh5205_C-95'!G65) -> TRUE
A66: 63 | B66: Material related-->History and condition of the material-->Microstructure--> | C66: Images of the microstructure before testing | F66: Optional | G66: See file "Microstructure-before-testing.pdf" | H66: * | J66: =EXACT(G66,'Vh5205_C-95'!G66) -> TRUE
A67: 64 | B67: Material related-->History and condition of the material-->Microstructure--> | C67: Images of the microstructure after testing | F67: Optional | J67: =EXACT(G67,'Vh5205_C-95'!G67) -> TRUE
A68: 65 | B68: Material related-->History and condition of the material-->Microstructure--> | C68: Proof of single crystallinity | F68: Optional | G68: The absence of grain boundaries was verified by visual inspection of the investment casts surface after electrolytical etching. | H68: * | J68: =EXACT(G68,'Vh5205_C-95'!G68) -> TRUE
A69: 66 | B69: Material related-->History and condition of the material-->Microstructure--> | C69: Single crystal orientation (Laue Crystal Verification. Must be documented for each test piece) | E69: ° | F69: Mandatory | G69: The angle alpha indicates the deviation of the [001]-direction from the symmetry axis of the respective cast (as-tested material). Values in worksheet "Single_crystal_orientation" | H69: * | J69: =EXACT(G69,'Vh5205_C-95'!G69) -> TRUE
A70: 67 | B70: Material related-->History and condition of the material-->Microstructure--> | C70: Single crystal orientation - Determination method, measuring point | F70: Mandatory | G70: A Scorpio system (DOI: 10.1088/0957-0233/6/1/021) was used. The orientation was determined at the lower end (right side in file "Test-piece-location.pdf") of each cast. | H70: * | J70: =EXACT(G70,'Vh5205_C-95'!G70) -> TRUE
A71: 68 | B71: Material related-->History and condition of the material-->Microstructure--> | C71: Accuracy of the determination of the single crystal orientation | F71: Optional | J71: =EXACT(G71,'Vh5205_C-95'!G71) -> TRUE
A72: 69 | B72: Material related-->History and condition of the material-->Results from NDT--> | C72: Crack inspection: e.g., Penetrant certification/Radiographic certification/XCT | F72: Optional | J72: =EXACT(G72,'Vh5205_C-95'!G72) -> TRUE
A73: 70 | B73: Material related-->History and condition of the material-->Results from NDT--> | C73: X-Ray film | F73: Optional | J73: =EXACT(G73,'Vh5205_C-95'!G73) -> TRUE
A74: 71 | B74: Material related-->History and condition of the material-->Results from other mech. tests--> | C74: 0.2 % Proof strength at room temperature | E74: MPa | F74: Optional | J74: =EXACT(G74,'Vh5205_C-95'!G74) -> TRUE
A75: 72 | B75: Material related-->History and condition of the material-->Results from other mech. tests--> | C75: 0.2 % Proof strength at creep test temperature | E75: MPa | F75: Optional | G75: See worksheet "Rp0.2" | H75: * | J75: =EXACT(G75,'Vh5205_C-95'!G75) -> TRUE
A76: 73 | B76: Material related-->History and condition of the material-->Results from other mech. tests--> | C76: Hardness | F76: Optional | J76: =EXACT(G76,'Vh5205_C-95'!G76) -> TRUE
A77: 74 | B77: Material related-->Test piece--> | C77: Test piece ID | F77: Optional | G77: Vh5205_C-81 | J77: =EXACT(G77,'Vh5205_C-95'!G77) -> FALSE
A78: 75 | B78: Material related-->Test piece--> | C78: Workshop order ID/ref. | F78: Optional | J78: =EXACT(G78,'Vh5205_C-95'!G78) -> TRUE
A79: 76 | B79: Material related-->Test piece--> | C79: Test piece history | F79: Optional | G79: No previous experiments | H79: * | J79: =EXACT(G79,'Vh5205_C-95'!G79) -> TRUE
A80: 77 | B80: Material related-->Test piece--> | C80: Type of test piece I | F80: Mandatory | G80: Specimen according to DIN EN ISO 204:2019-4 | H80: * | J80: =EXACT(G80,'Vh5205_C-95'!G80) -> TRUE
A81: 78 | B81: Material related-->Test piece--> | C81: Type of test piece II | F81: Mandatory | G81: Round cross section | H81: * | J81: =EXACT(G81,'Vh5205_C-95'!G81) -> TRUE
A82: 79 | B82: Material related-->Test piece--> | C82: Type of test piece III | F82: Mandatory | G82: Smooth test piece | H82: * | J82: =EXACT(G82,'Vh5205_C-95'!G82) -> TRUE
A83: 80 | B83: Material related-->Test piece--> | C83: Test piece technical drawing | F83: Mandatory | G83: See file "TestPieceCreepTests-TechnicalDrawing-FormA.pdf" Specimen's dimensions correspond to "Form A", see table in file. | H83: * | J83: =EXACT(G83,'Vh5205_C-95'!G83) -> TRUE
A84: 81 | B84: Material related-->Test piece--> | C84: Location of the test piece within the as-tested material | F84: Mandatory | G84: See file "Test-piece-location.pdf" | H84: * | J84: =EXACT(G84,'Vh5205_C-95'!G84) -> TRUE
A85: 82 | B85: Material related-->Test piece--> | C85: Positioning (Laue, precision) - Description whether coordinate systems of as-tested material and test piece coincide, and of the alignment in the test machine | F85: Mandatory | G85: The axis of the cast (as-tested material), the creep test piece, and the load axis match. | H85: * | J85: =EXACT(G85,'Vh5205_C-95'!G85) -> TRUE
A86: 83 | B86: Material related-->Test piece--> | C86: Further information about sample(s) | E86: µm | F86: Optional | G86: Surface roughness values, Rz [µm], available for each test piece. Measurement protocols are available in the laboratory. Finishing was carried out using cylindrical grinding. Values in worksheet "Roughness" | H86: * | J86: =EXACT(G86,'Vh5205_C-95'!G86) -> TRUE
A87: 84 | B87: Measuring and test equipment-->Test machine--> | C87: Test machine ID | F87: Optional | G87: Zug 07 | H87: * | J87: =EXACT(G87,'Vh5205_C-95'!G87) -> TRUE
A88: 85 | B88: Measuring and test equipment-->Test machine--> | C88: Type of test machine | F88: Optional | G88: Lever arm, Leverage ratio 1:20.4 | H88: * | J88: =EXACT(G88,'Vh5205_C-95'!G88) -> TRUE
A89: 86 | B89: Measuring and test equipment-->Test machine--> | C89: Min. applied force | E89: kN | F89: Optional | G89: 1 | H89: * | J89: =EXACT(G89,'Vh5205_C-95'!G89) -> TRUE
A90: 87 | B90: Measuring and test equipment-->Test machine--> | C90: Max. applied force | E90: kN | F90: Optional | G90: 20 | H90: * | J90: =EXACT(G90,'Vh5205_C-95'!G90) -> TRUE
A91: 88 | B91: Measuring and test equipment-->Test machine--> | C91: Verification of Test Frame and Specimen Alignment according to ASTM E1012? | F91: Mandatory | G91: Yes. Verification was performed according to ASTM E1012 on 18.07.2011. | H91: * | J91: =EXACT(G91,'Vh5205_C-95'!G91) -> TRUE
A92: 89 | B92: Measuring and test equipment-->Test machine--> | C92: Please provide a description on the procedure followed for the Verification of Test Frame and Specimen Alignment if different from ASTM E1012 | F92: Mandatory | G92: Not applicable since verification was performed according to ASTM E1012 | H92: * | J92: =EXACT(G92,'Vh5205_C-95'!G92) -> TRUE
A93: 90 | B93: Measuring and test equipment-->Test machine--> | C93: Calibration class (Alignment) | F93: Mandatory | G93: Verification: the machine fulfills the requirements for test forces >2 kN Protocol of alignment is available in the laboratory. | H93: * | J93: =EXACT(G93,'Vh5205_C-95'!G93) -> TRUE
A94: 91 | B94: Measuring and test equipment-->Test machine-->Data acquisition--> | C94: Data acquisition unit - Model information | F94: Optional | G94: National Instruments NI SXCI-1600 | H94: * | J94: =EXACT(G94,'Vh5205_C-95'!G94) -> TRUE
A95: 92 | B95: Measuring and test equipment-->Test machine-->Data acquisition--> | C95: Data acquisition unit - Laboratory ID | F95: Optional | G95: 19.08 | H95: * | J95: =EXACT(G95,'Vh5205_C-95'!G95) -> TRUE
A96: 93 | B96: Measuring and test equipment-->Test machine-->Data acquisition--> | C96: Data acquisition software and version | F96: Mandatory | G96: Lab's own development (v22.08.22) | H96: * | J96: =EXACT(G96,'Vh5205_C-95'!G96) -> TRUE
A97: 94 | B97: Measuring and test equipment-->Test machine-->Data acquisition--> | C97: Data acquisition - description | F97: Mandatory | G97: See worksheets "Data-acquisition" and "Data-acquisition-creep" | H97: * | J97: =EXACT(G97,'Vh5205_C-95'!G97) -> TRUE
A98: 95 | B98: Measuring and test equipment-->Test machine-->Data acquisition--> | C98: Was the time checked during data acquisition? | F98: Optional | G98: Yes | H98: * | J98: =EXACT(G98,'Vh5205_C-95'!G98) -> TRUE
A99: 96 | B99: Measuring and test equipment-->Test force-->Loading system--> | C99: Was the loading system calibrated/verified? | F99: Mandatory | G99: Yes | H99: * | J99: =EXACT(G99,'Vh5205_C-95'!G99) -> TRUE
A100: 97 | B100: Measuring and test equipment-->Test force-->Loading system--> | C100: Calibration certificate | F100: Optional | J100: =EXACT(G100,'Vh5205_C-95'!G100) -> TRUE
...

Sheet Vh5205_C-91
F1: Mandatory
F2: Optional
A3: ROW | B3: CATEGORIZATION | C3: ENTRY | D3: SYMBOL | E3: UNIT | F3: REQUIREMENT | H3: * Information common to all tests
A4: 1 | B4: Test info-->Test job details--> | C4: Date of test start | F4: Mandatory | G4: 45019.388 | J4: =EXACT(G4,'Vh5205_C-81'!G4) -> FALSE
A5: 2 | B5: Test info-->Test job details--> | C5: Data of test end | F5: Mandatory | G5: 45039.888 | J5: =EXACT(G5,'Vh5205_C-81'!G5) -> FALSE
A6: 3 | B6: Test info-->Test job details--> | C6: Test ID | F6: Mandatory | G6: Vh5205_C-91 | J6: =EXACT(G6,'Vh5205_C-81'!G6) -> FALSE
A7: 4 | B7: Test info-->Test job details--> | C7: Project | F7: Optional | G7: Vh 5205 | H7: * | J7: =EXACT(G7,'Vh5205_C-81'!G7) -> TRUE
A8: 5 | B8: Test info-->Test job details--> | C8: Test order | F8: Optional | G8: Not applicable | H8: * | J8: =EXACT(G8,'Vh5205_C-81'!G8) -> TRUE
A9: 6 | B9: Test info-->Test parameters--> | C9: Was the test performed according to a test standard? | F9: Mandatory | G9: Yes | H9: * | J9: =EXACT(G9,'Vh5205_C-81'!G9) -> TRUE
A10: 7 | B10: Test info-->Test parameters--> | C10: Test standard | F10: Mandatory | G10: DIN EN ISO 204:2019-4 | H10: * | J10: =EXACT(G10,'Vh5205_C-81'!G10) -> TRUE
A11: 8 | B11: Test info-->Test parameters--> | C11: Specified temperature | D11: T | E11: °C | F11: Mandatory | G11: 980 °C | H11: * | J11: =EXACT(G11,'Vh5205_C-81'!G11) -> TRUE
A12: 9 | B12: Test info-->Test parameters--> | C12: Type of loading | F12: Mandatory | G12: Tension | H12: * | J12: =EXACT(G12,'Vh5205_C-81'!G12) -> TRUE
A13: 10 | B13: Test info-->Test parameters--> | C13: Load control type | F13: Mandatory | G13: Constant force | H13: * | J13: =EXACT(G13,'Vh5205_C-81'!G13) -> TRUE
A14: 11 | B14: Test info-->Test parameters--> | C14: Initial stress | D14: Ro | E14: MPa | F14: Mandatory | G14: 170 | J14: =EXACT(G14,'Vh5205_C-81'!G14) -> TRUE
A15: 12 | B15: Test info-->Test parameters--> | C15: Test type | F15: Mandatory | G15: Uninterrupted creep tests with continuous monitoring of extension | H15: * | J15: =EXACT(G15,'Vh5205_C-81'!G15) -> TRUE
A16: 13 | B16: Test info-->Test parameters--> | C16: End of test criterium | F16: Mandatory | G16: Test piece break | J16: =EXACT(G16,'Vh5205_C-81'!G16) -> TRUE
A17: 14 | B17: Test info-->Test parameters--> | C17: End of test criterium - value (if not test piece break) | F17: Mandatory | G17: Not applicable | J17: =EXACT(G17,'Vh5205_C-81'!G17) -> TRUE
A18: 15 | B18: Test info-->Test parameters--> | C18: Interruption course | F18: Mandatory | G18: Not applicable | J18: =EXACT(G18,'Vh5205_C-81'!G18) -> TRUE
A19: 16 | B19: Test info-->Test parameters--> | C19: Test force | E19: kN | F19: Optional | J19: =EXACT(G19,'Vh5205_C-81'!G19) -> TRUE
A20: 17 | B20: Test info-->Test parameters--> | C20: Preload (Part of the test force) | E20: kN | F20: Mandatory | G20: 0,2 kN (20.4 kg) | H20: * | J20: =EXACT(G20,'Vh5205_C-81'!G20) -> TRUE
A21: 18 | B21: Test info-->Test parameters--> | C21: Other additional information (e.g. if constant stress) | F21: Optional | J21: =EXACT(G21,'Vh5205_C-81'!G21) -> TRUE
A22: 19 | B22: Test info-->Related research outcome--> | C22: Related article(s) available? | F22: Optional | G22: No | H22: * | J22: =EXACT(G22,'Vh5205_C-81'!G22) -> TRUE
A23: 20 | B23: Test info-->Related research outcome--> | C23: DOI Article 1 | F23: Optional | J23: =EXACT(G23,'Vh5205_C-81'!G23) -> TRUE
A24: 21 | B24: Test info-->Related research outcome--> | C24: Short description of content article 1 | F24: Optional | J24: =EXACT(G24,'Vh5205_C-81'!G24) -> TRUE
A25: 22 | B25: Test info-->Related research outcome--> | C25: DOI Article 2 | F25: Optional | J25: =EXACT(G25,'Vh5205_C-81'!G25) -> TRUE
A26: 23 | B26: Test info-->Related research outcome--> | C26: Short description of content article 2 | F26: Optional | J26: =EXACT(G26,'Vh5205_C-81'!G26) -> TRUE
A27: 24 | B27: Test info-->Related research outcome--> | C27: DOI Article n | F27: Optional | J27: =EXACT(G27,'Vh5205_C-81'!G27) -> TRUE
A28: 25 | B28: Test info-->Related research outcome--> | C28: Short description of content article n | F28: Optional | J28: =EXACT(G28,'Vh5205_C-81'!G28) -> TRUE
A29: 26 | B29: Material related-->History and condition of the material--> | C29: (Digital) Material Identifier | F29: Mandatory | G29: CMSX-6 | H29: * | J29: =EXACT(G29,'Vh5205_C-81'!G29) -> TRUE
A30: 27 | B30: Material related-->History and condition of the material-->As-manufactured material--> | C30: Information on phase equilibrium | F30: Optional | J30: =EXACT(G30,'Vh5205_C-81'!G30) -> TRUE
A31: 28 | B31: Material related-->History and condition of the material-->As-manufactured material--> | C31: Type of as-manufactured material (Cast / Ingot / Extrusion rod / …) | F31: Mandatory | G31: Ingot | H31: * | J31: =EXACT(G31,'Vh5205_C-81'!G31) -> TRUE
A32: 29 | B32: Material related-->History and condition of the material-->As-manufactured material--> | C32: Description of the as-manufactured material (geometry and dimensions) | F32: Mandatory | G32: Ingot with 4" Diameter | H32: * | J32: =EXACT(G32,'Vh5205_C-81'!G32) -> TRUE
A33: 30 | B33: Material related-->History and condition of the material-->As-manufactured material--> | C33: Description of the manufacturing process - as-manufactured material | F33: Optional | G33: Vacuum Induction Refined | H33: * | J33: =EXACT(G33,'Vh5205_C-81'!G33) -> TRUE
A34: 31 | B34: Material related-->History and condition of the material-->As-manufactured material--> | C34: Casting temperature | E34: °C | F34: Optional | J34: =EXACT(G34,'Vh5205_C-81'!G34) -> TRUE
A35: 32 | B35: Material related-->History and condition of the material-->As-manufactured material--> | C35: Casting speed | F35: Optional | J35: =EXACT(G35,'Vh5205_C-81'!G35) -> TRUE
A36: 33 | B36: Material related-->History and condition of the material-->As-manufactured material--> | C36: Single or polycrystal solidified | F36: Mandatory | G36: Single Crystal | H36: * | J36: =EXACT(G36,'Vh5205_C-81'!G36) -> TRUE
A37: 34 | B37: Material related-->History and condition of the material-->As-manufactured material--> | C37: Condition | F37: Mandatory | G37: Heat Treated | H37: * | J37: =EXACT(G37,'Vh5205_C-81'!G37) -> TRUE
A38: 35 | B38: Material related-->History and condition of the material-->As-tested material--> | C38: Supplier | F38: Mandatory | G38: PCC Airfoils, Inc. Minerva, Ohio. | H38: * | J38: =EXACT(G38,'Vh5205_C-81'!G38) -> TRUE
A39: 36 | B39: Material related-->History and condition of the material-->As-tested material--> | C39: Description of the as-tested material (geometry and dimensions) - The test piece is manufactured from the tested material. | F39: Mandatory | G39: Single Crystal Investment Cast See image file "Test-piece-location.pdf" For details see DOI: 10.7449/1980/Superalloys_1980_205_214, and DOI: 10.7449/1984/Superalloys_1984_167_176 | H39: * | J39: =EXACT(G39,'Vh5205_C-81'!G39) -> TRUE
A40: 37 | B40: Material related-->History and condition of the material-->As-tested material--> | C40: Description of the manufacturing process - as-tested material | F40: Mandatory | G40: Single Crystal Investment Casting from a Vacuum Induction Refined Ingot and subsequent Heat Treatment (annealed and aged). | H40: * | J40: =EXACT(G40,'Vh5205_C-81'!G40) -> TRUE
A41: 38 | B41: Material related-->History and condition of the material-->As-tested material--> | C41: Date of supply | F41: Mandatory | G41: 35458 | H41: * | J41: =EXACT(G41,'Vh5205_C-81'!G41) -> TRUE
A42: 39 | B42: Material related-->History and condition of the material-->As-tested material--> | C42: Order number | F42: Optional | H42: * | J42: =EXACT(G42,'Vh5205_C-81'!G42) -> TRUE
A43: 40 | B43: Material related-->History and condition of the material-->As-tested material--> | C43: Supplier sample ID | F43: Optional | H43: * | J43: =EXACT(G43,'Vh5205_C-81'!G43) -> TRUE
A44: 41 | B44: Material related-->History and condition of the material-->Heat treatment--> | C44: Heat treatment - State | F44: Mandatory | G44: Aged | H44: * | J44: =EXACT(G44,'Vh5205_C-81'!G44) -> TRUE
A45: 42 | B45: Material related-->History and condition of the material-->Heat treatment--> | C45: Multistage annealing? | F45: Optional | G45: Yes | H45: * | J45: =EXACT(G45,'Vh5205_C-81'!G45) -> TRUE
A46: 43 | B46: Material related-->History and condition of the material-->Heat treatment--> | C46: Multistage ageing? | F46: Optional | G46: Yes | H46: * | J46: =EXACT(G46,'Vh5205_C-81'!G46) -> TRUE
A47: 44 | B47: Material related-->History and condition of the material-->Heat treatment--> | C47: Atmosphere | F47: Optional | G47: See description | H47: * | J47: =EXACT(G47,'Vh5205_C-81'!G47) -> TRUE
A48: 45 | B48: Material related-->History and condition of the material-->Heat treatment--> | C48: Heat treatment - Annealing - Description | F48: Mandatory | G48: See worksheet "Heat_treatment" | H48: * | J48: =EXACT(G48,'Vh5205_C-81'!G48) -> TRUE
A49: 46 | B49: Material related-->History and condition of the material-->Heat treatment--> | C49: Heat treatment - Ageing - Description | F49: Mandatory | G49: See worksheet "Heat_treatment" | H49: * | J49: =EXACT(G49,'Vh5205_C-81'!G49) -> TRUE
A50: 47 | B50: Material related-->History and condition of the material-->Heat treatment--> | C50: Heat treatment - Protocol file | F50: Optional | J50: =EXACT(G50,'Vh5205_C-81'!G50) -> TRUE
A51: 48 | B51: Material related-->History and condition of the material-->Chemical composition--> | C51: Chemical composition - nominal | E51: wt.-% | F51: Mandatory | G51: See worksheet "Ch.-Comp._nominal" | H51: * | J51: =EXACT(G51,'Vh5205_C-81'!G51) -> TRUE
A52: 49 | B52: Material related-->History and condition of the material-->Chemical composition--> | C52: Chemical composition - measured (including precision) | E52: wt.-% | F52: Mandatory | G52: See worksheet "Ch.-Comp._measured" | H52: * | J52: =EXACT(G52,'Vh5205_C-81'!G52) -> TRUE
A53: 50 | B53: Material related-->History and condition of the material-->Chemical composition--> | C53: Measurement method | F53: Mandatory | G53: See worksheet "Ch.-Comp._measured" | H53: * | J53: =EXACT(G53,'Vh5205_C-81'!G53) -> TRUE
A54: 51 | B54: Material related-->History and condition of the material-->Chemical composition--> | C54: Measuring point | F54: Optional | G54: Master melt | H54: * | J54: =EXACT(G54,'Vh5205_C-81'!G54) -> TRUE
A55: 52 | B55: Material related-->History and condition of the material-->Chemical composition--> | C55: Partitioning of alloy elements in microstructure (dendrite cores and ID regions) | F55: Optional | J55: =EXACT(G55,'Vh5205_C-81'!G55) -> TRUE
A56: 53 | B56: Material related-->History and condition of the material-->Chemical composition--> | C56: Chemical composition in gamma and gamma' regions (dendrite cores and ID regions) | F56: Optional | J56: =EXACT(G56,'Vh5205_C-81'!G56) -> TRUE
A57: 54 | B57: Material related-->History and condition of the material-->Microstructure--> | C57: Type of investigation (characterization method) | F57: Mandatory | G57: Laue Crystal Verification | H57: * | J57: =EXACT(G57,'Vh5205_C-81'!G57) -> TRUE
A58: 55 | B58: Material related-->History and condition of the material-->Microstructure--> | C58: Grain size (if polycrystal) | E58: µm | F58: Mandatory | G58: Not applicable | H58: * | J58: =EXACT(G58,'Vh5205_C-81'!G58) -> TRUE
A59: 56 | B59: Material related-->History and condition of the material-->Microstructure--> | C59: Grain size - Determination method, measuring point | F59: Mandatory | G59: Not applicable | H59: * | J59: =EXACT(G59,'Vh5205_C-81'!G59) -> TRUE
A60: 57 | B60: Material related-->History and condition of the material-->Microstructure--> | C60: Grain size - documentation | F60: Optional | G60: Not applicable | H60: * | J60: =EXACT(G60,'Vh5205_C-81'!G60) -> TRUE
A61: 58 | B61: Material related-->History and condition of the material-->Microstructure--> | C61: Completely dissolved and re-precipitated gamma-gamma' regions | E61: % | F61: Optional | J61: =EXACT(G61,'Vh5205_C-81'!G61) -> TRUE
A62: 59 | B62: Material related-->History and condition of the material-->Microstructure--> | C62: Gamma'-particles', average size | E62: µm | F62: Optional | J62: =EXACT(G62,'Vh5205_C-81'!G62) -> TRUE
A63: 60 | B63: Material related-->History and condition of the material-->Microstructure--> | C63: Gamma'-particles', maximum size | E63: µm | F63: Optional | J63: =EXACT(G63,'Vh5205_C-81'!G63) -> TRUE
A64: 61 | B64: Material related-->History and condition of the material-->Microstructure--> | C64: Dendrite spacings | F64: Optional | J64: =EXACT(G64,'Vh5205_C-81'!G64) -> TRUE
A65: 62 | B65: Material related-->History and condition of the material-->Microstructure--> | C65: Microstructure after test (SX/PX, gprime-Vol, gprime-size, dendrites) | F65: Optional | J65: =EXACT(G65,'Vh5205_C-81'!G65) -> TRUE
A66: 63 | B66: Material related-->History and condition of the material-->Microstructure--> | C66: Images of the microstructure before testing | F66: Optional | G66: See file "Microstructure-before-testing.pdf" | H66: * | J66: =EXACT(G66,'Vh5205_C-81'!G66) -> TRUE
A67: 64 | B67: Material related-->History and condition of the material-->Microstructure--> | C67: Images of the microstructure after testing | F67: Optional | J67: =EXACT(G67,'Vh5205_C-81'!G67) -> TRUE
A68: 65 | B68: Material related-->History and condition of the material-->Microstructure--> | C68: Proof of single crystallinity | F68: Optional | G68: The absence of grain boundaries was verified by visual inspection of the investment casts surface after electrolytical etching. | H68: * | J68: =EXACT(G68,'Vh5205_C-81'!G68) -> TRUE
A69: 66 | B69: Material related-->History and condition of the material-->Microstructure--> | C69: Single crystal orientation (Laue Crystal Verification. Must be documented for each test piece) | E69: ° | F69: Mandatory | G69: The angle alpha indicates the deviation of the [001]-direction from the symmetry axis of the respective cast (as-tested material). Values in worksheet "Single_crystal_orientation" | H69: * | J69: =EXACT(G69,'Vh5205_C-81'!G69) -> TRUE
A70: 67 | B70: Material related-->History and condition of the material-->Microstructure--> | C70: Single crystal orientation - Determination method, measuring point | F70: Mandatory | G70: A Scorpio system (DOI: 10.1088/0957-0233/6/1/021) was used. The orientation was determined at the lower end (right side in file "Test-piece-location.pdf") of each cast. | H70: * | J70: =EXACT(G70,'Vh5205_C-81'!G70) -> TRUE
A71: 68 | B71: Material related-->History and condition of the material-->Microstructure--> | C71: Accuracy of the determination of the single crystal orientation | F71: Optional | J71: =EXACT(G71,'Vh5205_C-81'!G71) -> TRUE
A72: 69 | B72: Material related-->History and condition of the material-->Results from NDT--> | C72: Crack inspection: e.g., Penetrant certification/Radiographic certification/XCT | F72: Optional | J72: =EXACT(G72,'Vh5205_C-81'!G72) -> TRUE
A73: 70 | B73: Material related-->History and condition of the material-->Results from NDT--> | C73: X-Ray film | F73: Optional | J73: =EXACT(G73,'Vh5205_C-81'!G73) -> TRUE
A74: 71 | B74: Material related-->History and condition of the material-->Results from other mech. tests--> | C74: 0.2 % Proof strength at room temperature | E74: MPa | F74: Optional | J74: =EXACT(G74,'Vh5205_C-81'!G74) -> TRUE
A75: 72 | B75: Material related-->History and condition of the material-->Results from other mech. tests--> | C75: 0.2 % Proof strength at creep test temperature | E75: MPa | F75: Optional | G75: See worksheet "Rp0.2" | H75: * | J75: =EXACT(G75,'Vh5205_C-81'!G75) -> TRUE
A76: 73 | B76: Material related-->History and condition of the material-->Results from other mech. tests--> | C76: Hardness | F76: Optional | J76: =EXACT(G76,'Vh5205_C-81'!G76) -> TRUE
A77: 74 | B77: Material related-->Test piece--> | C77: Test piece ID | F77: Optional | G77: Vh5205_C-91 | J77: =EXACT(G77,'Vh5205_C-81'!G77) -> FALSE
A78: 75 | B78: Material related-->Test piece--> | C78: Workshop order ID/ref. | F78: Optional | J78: =EXACT(G78,'Vh5205_C-81'!G78) -> TRUE
A79: 76 | B79: Material related-->Test piece--> | C79: Test piece history | F79: Optional | G79: No previous experiments | H79: * | J79: =EXACT(G79,'Vh5205_C-81'!G79) -> TRUE
A80: 77 | B80: Material related-->Test piece--> | C80: Type of test piece I | F80: Mandatory | G80: Specimen according to DIN EN ISO 204:2019-4 | H80: * | J80: =EXACT(G80,'Vh5205_C-81'!G80) -> TRUE
A81: 78 | B81: Material related-->Test piece--> | C81: Type of test piece II | F81: Mandatory | G81: Round cross section | H81: * | J81: =EXACT(G81,'Vh5205_C-81'!G81) -> TRUE
A82: 79 | B82: Material related-->Test piece--> | C82: Type of test piece III | F82: Mandatory | G82: Smooth test piece | H82: * | J82: =EXACT(G82,'Vh5205_C-81'!G82) -> TRUE
A83: 80 | B83: Material related-->Test piece--> | C83: Test piece technical drawing | F83: Mandatory | G83: See file "TestPieceCreepTests-TechnicalDrawing-FormA.pdf" Specimen's dimensions correspond to "Form A", see table in file. | H83: * | J83: =EXACT(G83,'Vh5205_C-81'!G83) -> TRUE
A84: 81 | B84: Material related-->Test piece--> | C84: Location of the test piece within the as-tested material | F84: Mandatory | G84: See file "Test-piece-location.pdf" | H84: * | J84: =EXACT(G84,'Vh5205_C-81'!G84) -> TRUE
A85: 82 | B85: Material related-->Test piece--> | C85: Positioning (Laue, precision) - Description whether coordinate systems of as-tested material and test piece coincide, and of the alignment in the test machine | F85: Mandatory | G85: The axis of the cast (as-tested material), the creep test piece, and the load axis match. | H85: * | J85: =EXACT(G85,'Vh5205_C-81'!G85) -> TRUE
A86: 83 | B86: Material related-->Test piece--> | C86: Further information about sample(s) | E86: µm | F86: Optional | G86: Surface roughness values, Rz [µm], available for each test piece. Measurement protocols are available in the laboratory. Finishing was carried out using cylindrical grinding. Values in worksheet "Roughness" | H86: * | J86: =EXACT(G86,'Vh5205_C-81'!G86) -> TRUE
A87: 84 | B87: Measuring and test equipment-->Test machine--> | C87: Test machine ID | F87: Optional | G87: Zug 07 | H87: * | J87: =EXACT(G87,'Vh5205_C-81'!G87) -> TRUE
A88: 85 | B88: Measuring and test equipment-->Test machine--> | C88: Type of test machine | F88: Optional | G88: Lever arm, Leverage ratio 1:20.4 | H88: * | J88: =EXACT(G88,'Vh5205_C-81'!G88) -> TRUE
A89: 86 | B89: Measuring and test equipment-->Test machine--> | C89: Min. applied force | E89: kN | F89: Optional | G89: 1 | H89: * | J89: =EXACT(G89,'Vh5205_C-81'!G89) -> TRUE
A90: 87 | B90: Measuring and test equipment-->Test machine--> | C90: Max. applied force | E90: kN | F90: Optional | G90: 20 | H90: * | J90: =EXACT(G90,'Vh5205_C-81'!G90) -> TRUE
A91: 88 | B91: Measuring and test equipment-->Test machine--> | C91: Verification of Test Frame and Specimen Alignment according to ASTM E1012? | F91: Mandatory | G91: Yes. Verification was performed according to ASTM E1012 on 18.07.2011. | H91: * | J91: =EXACT(G91,'Vh5205_C-81'!G91) -> TRUE
A92: 89 | B92: Measuring and test equipment-->Test machine--> | C92: Please provide a description on the procedure followed for the Verification of Test Frame and Specimen Alignment if different from ASTM E1012 | F92: Mandatory | G92: Not applicable since verification was performed according to ASTM E1012 | H92: * | J92: =EXACT(G92,'Vh5205_C-81'!G92) -> TRUE
A93: 90 | B93: Measuring and test equipment-->Test machine--> | C93: Calibration class (Alignment) | F93: Mandatory | G93: Verification: the machine fulfills the requirements for test forces >2 kN Protocol of alignment is available in the laboratory. | H93: * | J93: =EXACT(G93,'Vh5205_C-81'!G93) -> TRUE
A94: 91 | B94: Measuring and test equipment-->Test machine-->Data acquisition--> | C94: Data acquisition unit - Model information | F94: Optional | G94: National Instruments NI SXCI-1600 | H94: * | J94: =EXACT(G94,'Vh5205_C-81'!G94) -> TRUE
A95: 92 | B95: Measuring and test equipment-->Test machine-->Data acquisition--> | C95: Data acquisition unit - Laboratory ID | F95: Optional | G95: 19.08 | H95: * | J95: =EXACT(G95,'Vh5205_C-81'!G95) -> TRUE
A96: 93 | B96: Measuring and test equipment-->Test machine-->Data acquisition--> | C96: Data acquisition software and version | F96: Mandatory | G96: Lab's own development (v22.08.22) | H96: * | J96: =EXACT(G96,'Vh5205_C-81'!G96) -> TRUE
A97: 94 | B97: Measuring and test equipment-->Test machine-->Data acquisition--> | C97: Data acquisition - description | F97: Mandatory | G97: See worksheets "Data-acquisition" and "Data-acquisition-creep" | H97: * | J97: =EXACT(G97,'Vh5205_C-81'!G97) -> TRUE
A98: 95 | B98: Measuring and test equipment-->Test machine-->Data acquisition--> | C98: Was the time checked during data acquisition? | F98: Optional | G98: Yes | H98: * | J98: =EXACT(G98,'Vh5205_C-81'!G98) -> TRUE
A99: 96 | B99: Measuring and test equipment-->Test force-->Loading system--> | C99: Was the loading system calibrated/verified? | F99: Mandatory | G99: Yes | H99: * | J99: =EXACT(G99,'Vh5205_C-81'!G99) -> TRUE
A100: 97 | B100: Measuring and test equipment-->Test force-->Loading system--> | C100: Calibration certificate | F100: Optional | J100: =EXACT(G100,'Vh5205_C-81'!G100) -> TRUE
...

Sheet Vh5205_C-98
F1: Mandatory
F2: Optional
A3: ROW | B3: CATEGORIZATION | C3: ENTRY | D3: SYMBOL | E3: UNIT | F3: REQUIREMENT | H3: * Information common to all tests
A4: 1 | B4: Test info-->Test job details--> | C4: Date of test start | F4: Mandatory | G4: 45069.385 | J4: =EXACT(G4,'Vh5205_C-91'!G4) -> FALSE
A5: 2 | B5: Test info-->Test job details--> | C5: Data of test end | F5: Mandatory | G5: 45089.552 | J5: =EXACT(G5,'Vh5205_C-91'!G5) -> FALSE
A6: 3 | B6: Test info-->Test job details--> | C6: Test ID | F6: Mandatory | G6: Vh5205_C-98 | J6: =EXACT(G6,'Vh5205_C-91'!G6) -> FALSE
A7: 4 | B7: Test info-->Test job details--> | C7: Project | F7: Optional | G7: Vh 5205 | H7: * | J7: =EXACT(G7,'Vh5205_C-91'!G7) -> TRUE
A8: 5 | B8: Test info-->Test job details--> | C8: Test order | F8: Optional | G8: Not applicable | H8: * | J8: =EXACT(G8,'Vh5205_C-91'!G8) -> TRUE
A9: 6 | B9: Test info-->Test parameters--> | C9: Was the test performed according to a test standard? | F9: Mandatory | G9: Yes | H9: * | J9: =EXACT(G9,'Vh5205_C-91'!G9) -> TRUE
A10: 7 | B10: Test info-->Test parameters--> | C10: Test standard | F10: Mandatory | G10: DIN EN ISO 204:2019-4 | H10: * | J10: =EXACT(G10,'Vh5205_C-91'!G10) -> TRUE
A11: 8 | B11: Test info-->Test parameters--> | C11: Specified temperature | D11: T | E11: °C | F11: Mandatory | G11: 980 °C | H11: * | J11: =EXACT(G11,'Vh5205_C-91'!G11) -> TRUE
A12: 9 | B12: Test info-->Test parameters--> | C12: Type of loading | F12: Mandatory | G12: Tension | H12: * | J12: =EXACT(G12,'Vh5205_C-91'!G12) -> TRUE
A13: 10 | B13: Test info-->Test parameters--> | C13: Load control type | F13: Mandatory | G13: Constant force | H13: * | J13: =EXACT(G13,'Vh5205_C-91'!G13) -> TRUE
A14: 11 | B14: Test info-->Test parameters--> | C14: Initial stress | D14: Ro | E14: MPa | F14: Mandatory | G14: 170 | J14: =EXACT(G14,'Vh5205_C-91'!G14) -> TRUE
A15: 12 | B15: Test info-->Test parameters--> | C15: Test type | F15: Mandatory | G15: Uninterrupted creep tests with continuous monitoring of extension | H15: * | J15: =EXACT(G15,'Vh5205_C-91'!G15) -> TRUE
A16: 13 | B16: Test info-->Test parameters--> | C16: End of test criterium | F16: Mandatory | G16: Test piece break | J16: =EXACT(G16,'Vh5205_C-91'!G16) -> TRUE
A17: 14 | B17: Test info-->Test parameters--> | C17: End of test criterium - value (if not test piece break) | F17: Mandatory | G17: Not applicable | J17: =EXACT(G17,'Vh5205_C-91'!G17) -> TRUE
A18: 15 | B18: Test info-->Test parameters--> | C18: Interruption course | F18: Mandatory | G18: Not applicable | J18: =EXACT(G18,'Vh5205_C-91'!G18) -> TRUE
A19: 16 | B19: Test info-->Test parameters--> | C19: Test force | E19: kN | F19: Optional | J19: =EXACT(G19,'Vh5205_C-91'!G19) -> TRUE
A20: 17 | B20: Test info-->Test parameters--> | C20: Preload (Part of the test force) | E20: kN | F20: Mandatory | G20: 0,2 kN (20.4 kg) | H20: * | J20: =EXACT(G20,'Vh5205_C-91'!G20) -> TRUE
A21: 18 | B21: Test info-->Test parameters--> | C21: Other additional information (e.g. if constant stress) | F21: Optional | J21: =EXACT(G21,'Vh5205_C-91'!G21) -> TRUE
A22: 19 | B22: Test info-->Related research outcome--> | C22: Related article(s) available? | F22: Optional | G22: No | H22: * | J22: =EXACT(G22,'Vh5205_C-91'!G22) -> TRUE
A23: 20 | B23: Test info-->Related research outcome--> | C23: DOI Article 1 | F23: Optional | J23: =EXACT(G23,'Vh5205_C-91'!G23) -> TRUE
A24: 21 | B24: Test info-->Related research outcome--> | C24: Short description of content article 1 | F24: Optional | J24: =EXACT(G24,'Vh5205_C-91'!G24) -> TRUE
A25: 22 | B25: Test info-->Related research outcome--> | C25: DOI Article 2 | F25: Optional | J25: =EXACT(G25,'Vh5205_C-91'!G25) -> TRUE
A26: 23 | B26: Test info-->Related research outcome--> | C26: Short description of content article 2 | F26: Optional | J26: =EXACT(G26,'Vh5205_C-91'!G26) -> TRUE
A27: 24 | B27: Test info-->Related research outcome--> | C27: DOI Article n | F27: Optional | J27: =EXACT(G27,'Vh5205_C-91'!G27) -> TRUE
A28: 25 | B28: Test info-->Related research outcome--> | C28: Short description of content article n | F28: Optional | J28: =EXACT(G28,'Vh5205_C-91'!G28) -> TRUE
A29: 26 | B29: Material related-->History and condition of the material--> | C29: (Digital) Material Identifier | F29: Mandatory | G29: CMSX-6 | H29: * | J29: =EXACT(G29,'Vh5205_C-91'!G29) -> TRUE
A30: 27 | B30: Material related-->History and condition of the material-->As-manufactured material--> | C30: Information on phase equilibrium | F30: Optional | J30: =EXACT(G30,'Vh5205_C-91'!G30) -> TRUE
A31: 28 | B31: Material related-->History and condition of the material-->As-manufactured material--> | C31: Type of as-manufactured material (Cast / Ingot / Extrusion rod / …) | F31: Mandatory | G31: Ingot | H31: * | J31: =EXACT(G31,'Vh5205_C-91'!G31) -> TRUE
A32: 29 | B32: Material related-->History and condition of the material-->As-manufactured material--> | C32: Description of the as-manufactured material (geometry and dimensions) | F32: Mandatory | G32: Ingot with 4" Diameter | H32: * | J32: =EXACT(G32,'Vh5205_C-91'!G32) -> TRUE
A33: 30 | B33: Material related-->History and condition of the material-->As-manufactured material--> | C33: Description of the manufacturing process - as-manufactured material | F33: Optional | G33: Vacuum Induction Refined | H33: * | J33: =EXACT(G33,'Vh5205_C-91'!G33) -> TRUE
A34: 31 | B34: Material related-->History and condition of the material-->As-manufactured material--> | C34: Casting temperature | E34: °C | F34: Optional | J34: =EXACT(G34,'Vh5205_C-91'!G34) -> TRUE
A35: 32 | B35: Material related-->History and condition of the material-->As-manufactured material--> | C35: Casting speed | F35: Optional | J35: =EXACT(G35,'Vh5205_C-91'!G35) -> TRUE
A36: 33 | B36: Material related-->History and condition of the material-->As-manufactured material--> | C36: Single or polycrystal solidified | F36: Mandatory | G36: Single Crystal | H36: * | J36: =EXACT(G36,'Vh5205_C-91'!G36) -> TRUE
A37: 34 | B37: Material related-->History and condition of the material-->As-manufactured material--> | C37: Condition | F37: Mandatory | G37: Heat Treated | H37: * | J37: =EXACT(G37,'Vh5205_C-91'!G37) -> TRUE
A38: 35 | B38: Material related-->History and condition of the material-->As-tested material--> | C38: Supplier | F38: Mandatory | G38: PCC Airfoils, Inc. Minerva, Ohio. | H38: * | J38: =EXACT(G38,'Vh5205_C-91'!G38) -> TRUE
A39: 36 | B39: Material related-->History and condition of the material-->As-tested material--> | C39: Description of the as-tested material (geometry and dimensions) - The test piece is manufactured from the tested material. | F39: Mandatory | G39: Single Crystal Investment Cast See image file "Test-piece-location.pdf" For details see DOI: 10.7449/1980/Superalloys_1980_205_214, and DOI: 10.7449/1984/Superalloys_1984_167_176 | H39: * | J39: =EXACT(G39,'Vh5205_C-91'!G39) -> TRUE
A40: 37 | B40: Material related-->History and condition of the material-->As-tested material--> | C40: Description of the manufacturing process - as-tested material | F40: Mandatory | G40: Single Crystal Investment Casting from a Vacuum Induction Refined Ingot and subsequent Heat Treatment (annealed and aged). | H40: * | J40: =EXACT(G40,'Vh5205_C-91'!G40) -> TRUE
A41: 38 | B41: Material related-->History and condition of the material-->As-tested material--> | C41: Date of supply | F41: Mandatory | G41: 35458 | H41: * | J41: =EXACT(G41,'Vh5205_C-91'!G41) -> TRUE
A42: 39 | B42: Material related-->History and condition of the material-->As-tested material--> | C42: Order number | F42: Optional | H42: * | J42: =EXACT(G42,'Vh5205_C-91'!G42) -> TRUE
A43: 40 | B43: Material related-->History and condition of the material-->As-tested material--> | C43: Supplier sample ID | F43: Optional | H43: * | J43: =EXACT(G43,'Vh5205_C-91'!G43) -> TRUE
A44: 41 | B44: Material related-->History and condition of the material-->Heat treatment--> | C44: Heat treatment - State | F44: Mandatory | G44: Aged | H44: * | J44: =EXACT(G44,'Vh5205_C-91'!G44) -> TRUE
A45: 42 | B45: Material related-->History and condition of the material-->Heat treatment--> | C45: Multistage annealing? | F45: Optional | G45: Yes | H45: * | J45: =EXACT(G45,'Vh5205_C-91'!G45) -> TRUE
A46: 43 | B46: Material related-->History and condition of the material-->Heat treatment--> | C46: Multistage ageing? | F46: Optional | G46: Yes | H46: * | J46: =EXACT(G46,'Vh5205_C-91'!G46) -> TRUE
A47: 44 | B47: Material related-->History and condition of the material-->Heat treatment--> | C47: Atmosphere | F47: Optional | G47: See description | H47: * | J47: =EXACT(G47,'Vh5205_C-91'!G47) -> TRUE
A48: 45 | B48: Material related-->History and condition of the material-->Heat treatment--> | C48: Heat treatment - Annealing - Description | F48: Mandatory | G48: See worksheet "Heat_treatment" | H48: * | J48: =EXACT(G48,'Vh5205_C-91'!G48) -> TRUE
A49: 46 | B49: Material related-->History and condition of the material-->Heat treatment--> | C49: Heat treatment - Ageing - Description | F49: Mandatory | G49: See worksheet "Heat_treatment" | H49: * | J49: =EXACT(G49,'Vh5205_C-91'!G49) -> TRUE
A50: 47 | B50: Material related-->History and condition of the material-->Heat treatment--> | C50: Heat treatment - Protocol file | F50: Optional | J50: =EXACT(G50,'Vh5205_C-91'!G50) -> TRUE
A51: 48 | B51: Material related-->History and condition of the material-->Chemical composition--> | C51: Chemical composition - nominal | E51: wt.-% | F51: Mandatory | G51: See worksheet "Ch.-Comp._nominal" | H51: * | J51: =EXACT(G51,'Vh5205_C-91'!G51) -> TRUE
A52: 49 | B52: Material related-->History and condition of the material-->Chemical composition--> | C52: Chemical composition - measured (including precision) | E52: wt.-% | F52: Mandatory | G52: See worksheet "Ch.-Comp._measured" | H52: * | J52: =EXACT(G52,'Vh5205_C-91'!G52) -> TRUE
A53: 50 | B53: Material related-->History and condition of the material-->Chemical composition--> | C53: Measurement method | F53: Mandatory | G53: See worksheet "Ch.-Comp._measured" | H53: * | J53: =EXACT(G53,'Vh5205_C-91'!G53) -> TRUE
A54: 51 | B54: Material related-->History and condition of the material-->Chemical composition--> | C54: Measuring point | F54: Optional | G54: Master melt | H54: * | J54: =EXACT(G54,'Vh5205_C-91'!G54) -> TRUE
A55: 52 | B55: Material related-->History and condition of the material-->Chemical composition--> | C55: Partitioning of alloy elements in microstructure (dendrite cores and ID regions) | F55: Optional | J55: =EXACT(G55,'Vh5205_C-91'!G55) -> TRUE
A56: 53 | B56: Material related-->History and condition of the material-->Chemical composition--> | C56: Chemical composition in gamma and gamma' regions (dendrite cores and ID regions) | F56: Optional | J56: =EXACT(G56,'Vh5205_C-91'!G56) -> TRUE
A57: 54 | B57: Material related-->History and condition of the material-->Microstructure--> | C57: Type of investigation (characterization method) | F57: Mandatory | G57: Laue Crystal Verification | H57: * | J57: =EXACT(G57,'Vh5205_C-91'!G57) -> TRUE
A58: 55 | B58: Material related-->History and condition of the material-->Microstructure--> | C58: Grain size (if polycrystal) | E58: µm | F58: Mandatory | G58: Not applicable | H58: * | J58: =EXACT(G58,'Vh5205_C-91'!G58) -> TRUE
A59: 56 | B59: Material related-->History and condition of the material-->Microstructure--> | C59: Grain size - Determination method, measuring point | F59: Mandatory | G59: Not applicable | H59: * | J59: =EXACT(G59,'Vh5205_C-91'!G59) -> TRUE
A60: 57 | B60: Material related-->History and condition of the material-->Microstructure--> | C60: Grain size - documentation | F60: Optional | G60: Not applicable | H60: * | J60: =EXACT(G60,'Vh5205_C-91'!G60) -> TRUE
A61: 58 | B61: Material related-->History and condition of the material-->Microstructure--> | C61: Completely dissolved and re-precipitated gamma-gamma' regions | E61: % | F61: Optional | J61: =EXACT(G61,'Vh5205_C-91'!G61) -> TRUE
A62: 59 | B62: Material related-->History and condition of the material-->Microstructure--> | C62: Gamma'-particles', average size | E62: µm | F62: Optional | J62: =EXACT(G62,'Vh5205_C-91'!G62) -> TRUE
A63: 60 | B63: Material related-->History and condition of the material-->Microstructure--> | C63: Gamma'-particles', maximum size | E63: µm | F63: Optional | J63: =EXACT(G63,'Vh5205_C-91'!G63) -> TRUE
A64: 61 | B64: Material related-->History and condition of the material-->Microstructure--> | C64: Dendrite spacings | F64: Optional | J64: =EXACT(G64,'Vh5205_C-91'!G64) -> TRUE
A65: 62 | B65: Material related-->History and condition of the material-->Microstructure--> | C65: Microstructure after test (SX/PX, gprime-Vol, gprime-size, dendrites) | F65: Optional | J65: =EXACT(G65,'Vh5205_C-91'!G65) -> TRUE
A66: 63 | B66: Material related-->History and condition of the material-->Microstructure--> | C66: Images of the microstructure before testing | F66: Optional | G66: See file "Microstructure-before-testing.pdf" | H66: * | J66: =EXACT(G66,'Vh5205_C-91'!G66) -> TRUE
A67: 64 | B67: Material related-->History and condition of the material-->Microstructure--> | C67: Images of the microstructure after testing | F67: Optional | J67: =EXACT(G67,'Vh5205_C-91'!G67) -> TRUE
A68: 65 | B68: Material related-->History and condition of the material-->Microstructure--> | C68: Proof of single crystallinity | F68: Optional | G68: The absence of grain boundaries was verified by visual inspection of the investment casts surface after electrolytical etching. | H68: * | J68: =EXACT(G68,'Vh5205_C-91'!G68) -> TRUE
A69: 66 | B69: Material related-->History and condition of the material-->Microstructure--> | C69: Single crystal orientation (Laue Crystal Verification. Must be documented for each test piece) | E69: ° | F69: Mandatory | G69: The angle alpha indicates the deviation of the [001]-direction from the symmetry axis of the respective cast (as-tested material). Values in worksheet "Single_crystal_orientation" | H69: * | J69: =EXACT(G69,'Vh5205_C-91'!G69) -> TRUE
A70: 67 | B70: Material related-->History and condition of the material-->Microstructure--> | C70: Single crystal orientation - Determination method, measuring point | F70: Mandatory | G70: A Scorpio system (DOI: 10.1088/0957-0233/6/1/021) was used. The orientation was determined at the lower end (right side in file "Test-piece-location.pdf") of each cast. | H70: * | J70: =EXACT(G70,'Vh5205_C-91'!G70) -> TRUE
A71: 68 | B71: Material related-->History and condition of the material-->Microstructure--> | C71: Accuracy of the determination of the single crystal orientation | F71: Optional | J71: =EXACT(G71,'Vh5205_C-91'!G71) -> TRUE
A72: 69 | B72: Material related-->History and condition of the material-->Results from NDT--> | C72: Crack inspection: e.g., Penetrant certification/Radiographic certification/XCT | F72: Optional | J72: =EXACT(G72,'Vh5205_C-91'!G72) -> TRUE
A73: 70 | B73: Material related-->History and condition of the material-->Results from NDT--> | C73: X-Ray film | F73: Optional | J73: =EXACT(G73,'Vh5205_C-91'!G73) -> TRUE
A74: 71 | B74: Material related-->History and condition of the material-->Results from other mech. tests--> | C74: 0.2 % Proof strength at room temperature | E74: MPa | F74: Optional | J74: =EXACT(G74,'Vh5205_C-91'!G74) -> TRUE
A75: 72 | B75: Material related-->History and condition of the material-->Results from other mech. tests--> | C75: 0.2 % Proof strength at creep test temperature | E75: MPa | F75: Optional | G75: See worksheet "Rp0.2" | H75: * | J75: =EXACT(G75,'Vh5205_C-91'!G75) -> TRUE
A76: 73 | B76: Material related-->History and condition of the material-->Results from other mech. tests--> | C76: Hardness | F76: Optional | J76: =EXACT(G76,'Vh5205_C-91'!G76) -> TRUE
A77: 74 | B77: Material related-->Test piece--> | C77: Test piece ID | F77: Optional | G77: Vh5205_C-98 | J77: =EXACT(G77,'Vh5205_C-91'!G77) -> FALSE
A78: 75 | B78: Material related-->Test piece--> | C78: Workshop order ID/ref. | F78: Optional | J78: =EXACT(G78,'Vh5205_C-91'!G78) -> TRUE
A79: 76 | B79: Material related-->Test piece--> | C79: Test piece history | F79: Optional | G79: No previous experiments | H79: * | J79: =EXACT(G79,'Vh5205_C-91'!G79) -> TRUE
A80: 77 | B80: Material related-->Test piece--> | C80: Type of test piece I | F80: Mandatory | G80: Specimen according to DIN EN ISO 204:2019-4 | H80: * | J80: =EXACT(G80,'Vh5205_C-91'!G80) -> TRUE
A81: 78 | B81: Material related-->Test piece--> | C81: Type of test piece II | F81: Mandatory | G81: Round cross section | H81: * | J81: =EXACT(G81,'Vh5205_C-91'!G81) -> TRUE
A82: 79 | B82: Material related-->Test piece--> | C82: Type of test piece III | F82: Mandatory | G82: Smooth test piece | H82: * | J82: =EXACT(G82,'Vh5205_C-91'!G82) -> TRUE
A83: 80 | B83: Material related-->Test piece--> | C83: Test piece technical drawing | F83: Mandatory | G83: See file "TestPieceCreepTests-TechnicalDrawing-FormA.pdf" Specimen's dimensions correspond to "Form A", see table in file. | H83: * | J83: =EXACT(G83,'Vh5205_C-91'!G83) -> TRUE
A84: 81 | B84: Material related-->Test piece--> | C84: Location of the test piece within the as-tested material | F84: Mandatory | G84: See file "Test-piece-location.pdf" | H84: * | J84: =EXACT(G84,'Vh5205_C-91'!G84) -> TRUE
A85: 82 | B85: Material related-->Test piece--> | C85: Positioning (Laue, precision) - Description whether coordinate systems of as-tested material and test piece coincide, and of the alignment in the test machine | F85: Mandatory | G85: The axis of the cast (as-tested material), the creep test piece, and the load axis match. | H85: * | J85: =EXACT(G85,'Vh5205_C-91'!G85) -> TRUE
A86: 83 | B86: Material related-->Test piece--> | C86: Further information about sample(s) | E86: µm | F86: Optional | G86: Surface roughness values, Rz [µm], available for each test piece. Measurement protocols are available in the laboratory. Finishing was carried out using cylindrical grinding. Values in worksheet "Roughness" | H86: * | J86: =EXACT(G86,'Vh5205_C-91'!G86) -> TRUE
A87: 84 | B87: Measuring and test equipment-->Test machine--> | C87: Test machine ID | F87: Optional | G87: Zug 07 | H87: * | J87: =EXACT(G87,'Vh5205_C-91'!G87) -> TRUE
A88: 85 | B88: Measuring and test equipment-->Test machine--> | C88: Type of test machine | F88: Optional | G88: Lever arm, Leverage ratio 1:20.4 | H88: * | J88: =EXACT(G88,'Vh5205_C-91'!G88) -> TRUE
A89: 86 | B89: Measuring and test equipment-->Test machine--> | C89: Min. applied force | E89: kN | F89: Optional | G89: 1 | H89: * | J89: =EXACT(G89,'Vh5205_C-91'!G89) -> TRUE
A90: 87 | B90: Measuring and test equipment-->Test machine--> | C90: Max. applied force | E90: kN | F90: Optional | G90: 20 | H90: * | J90: =EXACT(G90,'Vh5205_C-91'!G90) -> TRUE
A91: 88 | B91: Measuring and test equipment-->Test machine--> | C91: Verification of Test Frame and Specimen Alignment according to ASTM E1012? | F91: Mandatory | G91: Yes. Verification was performed according to ASTM E1012 on 18.07.2011. | H91: * | J91: =EXACT(G91,'Vh5205_C-91'!G91) -> TRUE
A92: 89 | B92: Measuring and test equipment-->Test machine--> | C92: Please provide a description on the procedure followed for the Verification of Test Frame and Specimen Alignment if different from ASTM E1012 | F92: Mandatory | G92: Not applicable since verification was performed according to ASTM E1012 | H92: * | J92: =EXACT(G92,'Vh5205_C-91'!G92) -> TRUE
A93: 90 | B93: Measuring and test equipment-->Test machine--> | C93: Calibration class (Alignment) | F93: Mandatory | G93: Verification: the machine fulfills the requirements for test forces >2 kN Protocol of alignment is available in the laboratory. | H93: * | J93: =EXACT(G93,'Vh5205_C-91'!G93) -> TRUE
A94: 91 | B94: Measuring and test equipment-->Test machine-->Data acquisition--> | C94: Data acquisition unit - Model information | F94: Optional | G94: National Instruments NI SXCI-1600 | H94: * | J94: =EXACT(G94,'Vh5205_C-91'!G94) -> TRUE
A95: 92 | B95: Measuring and test equipment-->Test machine-->Data acquisition--> | C95: Data acquisition unit - Laboratory ID | F95: Optional | G95: 19.08 | H95: * | J95: =EXACT(G95,'Vh5205_C-91'!G95) -> TRUE
A96: 93 | B96: Measuring and test equipment-->Test machine-->Data acquisition--> | C96: Data acquisition software and version | F96: Mandatory | G96: Lab's own development (v22.08.22) | H96: * | J96: =EXACT(G96,'Vh5205_C-91'!G96) -> TRUE
A97: 94 | B97: Measuring and test equipment-->Test machine-->Data acquisition--> | C97: Data acquisition - description | F97: Mandatory | G97: See worksheets "Data-acquisition" and "Data-acquisition-creep" | H97: * | J97: =EXACT(G97,'Vh5205_C-91'!G97) -> TRUE
A98: 95 | B98: Measuring and test equipment-->Test machine-->Data acquisition--> | C98: Was the time checked during data acquisition? | F98: Optional | G98: Yes | H98: * | J98: =EXACT(G98,'Vh5205_C-91'!G98) -> TRUE
A99: 96 | B99: Measuring and test equipment-->Test force-->Loading system--> | C99: Was the loading system calibrated/verified? | F99: Mandatory | G99: Yes | H99: * | J99: =EXACT(G99,'Vh5205_C-91'!G99) -> TRUE
A100: 97 | B100: Measuring and test equipment-->Test force-->Loading system--> | C100: Calibration certificate | F100: Optional | J100: =EXACT(G100,'Vh5205_C-91'!G100) -> TRUE
...

Sheet Vh5205_C-82
F1: Mandatory
F2: Optional
A3: ROW | B3: CATEGORIZATION | C3: ENTRY | D3: SYMBOL | E3: UNIT | F3: REQUIREMENT | H3: * Information common to all tests
A4: 1 | B4: Test info-->Test job details--> | C4: Date of test start | F4: Mandatory | G4: 44998.412 | J4: =EXACT(G4,'Vh5205_C-98'!G4) -> FALSE
A5: 2 | B5: Test info-->Test job details--> | C5: Data of test end | F5: Mandatory | G5: 45005.912 | J5: =EXACT(G5,'Vh5205_C-98'!G5) -> FALSE
A6: 3 | B6: Test info-->Test job details--> | C6: Test ID | F6: Mandatory | G6: Vh5205_C-82 | J6: =EXACT(G6,'Vh5205_C-98'!G6) -> FALSE
A7: 4 | B7: Test info-->Test job details--> | C7: Project | F7: Optional | G7: Vh 5205 | H7: * | J7: =EXACT(G7,'Vh5205_C-98'!G7) -> TRUE
A8: 5 | B8: Test info-->Test job details--> | C8: Test order | F8: Optional | G8: Not applicable | H8: * | J8: =EXACT(G8,'Vh5205_C-98'!G8) -> TRUE
A9: 6 | B9: Test info-->Test parameters--> | C9: Was the test performed according to a test standard? | F9: Mandatory | G9: Yes | H9: * | J9: =EXACT(G9,'Vh5205_C-98'!G9) -> TRUE
A10: 7 | B10: Test info-->Test parameters--> | C10: Test standard | F10: Mandatory | G10: DIN EN ISO 204:2019-4 | H10: * | J10: =EXACT(G10,'Vh5205_C-98'!G10) -> TRUE
A11: 8 | B11: Test info-->Test parameters--> | C11: Specified temperature | D11: T | E11: °C | F11: Mandatory | G11: 980 °C | H11: * | J11: =EXACT(G11,'Vh5205_C-98'!G11) -> TRUE
A12: 9 | B12: Test info-->Test parameters--> | C12: Type of loading | F12: Mandatory | G12: Tension | H12: * | J12: =EXACT(G12,'Vh5205_C-98'!G12) -> TRUE
A13: 10 | B13: Test info-->Test parameters--> | C13: Load control type | F13: Mandatory | G13: Constant force | H13: * | J13: =EXACT(G13,'Vh5205_C-98'!G13) -> TRUE
A14: 11 | B14: Test info-->Test parameters--> | C14: Initial stress | D14: Ro | E14: MPa | F14: Mandatory | G14: 200 | J14: =EXACT(G14,'Vh5205_C-98'!G14) -> FALSE
A15: 12 | B15: Test info-->Test parameters--> | C15: Test type | F15: Mandatory | G15: Uninterrupted creep tests with continuous monitoring of extension | H15: * | J15: =EXACT(G15,'Vh5205_C-98'!G15) -> TRUE
A16: 13 | B16: Test info-->Test parameters--> | C16: End of test criterium | F16: Mandatory | G16: Test piece break | J16: =EXACT(G16,'Vh5205_C-98'!G16) -> TRUE
A17: 14 | B17: Test info-->Test parameters--> | C17: End of test criterium - value (if not test piece break) | F17: Mandatory | G17: Not applicable | J17: =EXACT(G17,'Vh5205_C-98'!G17) -> TRUE
A18: 15 | B18: Test info-->Test parameters--> | C18: Interruption course | F18: Mandatory | G18: Not applicable | J18: =EXACT(G18,'Vh5205_C-98'!G18) -> TRUE
A19: 16 | B19: Test info-->Test parameters--> | C19: Test force | E19: kN | F19: Optional | J19: =EXACT(G19,'Vh5205_C-98'!G19) -> TRUE
A20: 17 | B20: Test info-->Test parameters--> | C20: Preload (Part of the test force) | E20: kN | F20: Mandatory | G20: 0,2 kN (20.4 kg) | H20: * | J20: =EXACT(G20,'Vh5205_C-98'!G20) -> TRUE
A21: 18 | B21: Test info-->Test parameters--> | C21: Other additional information (e.g. if constant stress) | F21: Optional | J21: =EXACT(G21,'Vh5205_C-98'!G21) -> TRUE
A22: 19 | B22: Test info-->Related research outcome--> | C22: Related article(s) available? | F22: Optional | G22: No | H22: * | J22: =EXACT(G22,'Vh5205_C-98'!G22) -> TRUE
A23: 20 | B23: Test info-->Related research outcome--> | C23: DOI Article 1 | F23: Optional | J23: =EXACT(G23,'Vh5205_C-98'!G23) -> TRUE
A24: 21 | B24: Test info-->Related research outcome--> | C24: Short description of content article 1 | F24: Optional | J24: =EXACT(G24,'Vh5205_C-98'!G24) -> TRUE
A25: 22 | B25: Test info-->Related research outcome--> | C25: DOI Article 2 | F25: Optional | J25: =EXACT(G25,'Vh5205_C-98'!G25) -> TRUE
A26: 23 | B26: Test info-->Related research outcome--> | C26: Short description of content article 2 | F26: Optional | J26: =EXACT(G26,'Vh5205_C-98'!G26) -> TRUE
A27: 24 | B27: Test info-->Related research outcome--> | C27: DOI Article n | F27: Optional | J27: =EXACT(G27,'Vh5205_C-98'!G27) -> TRUE
A28: 25 | B28: Test info-->Related research outcome--> | C28: Short description of content article n | F28: Optional | J28: =EXACT(G28,'Vh5205_C-98'!G28) -> TRUE
A29: 26 | B29: Material related-->History and condition of the material--> | C29: (Digital) Material Identifier | F29: Mandatory | G29: CMSX-6 | H29: * | J29: =EXACT(G29,'Vh5205_C-98'!G29) -> TRUE
A30: 27 | B30: Material related-->History and condition of the material-->As-manufactured material--> | C30: Information on phase equilibrium | F30: Optional | J30: =EXACT(G30,'Vh5205_C-98'!G30) -> TRUE
A31: 28 | B31: Material related-->History and condition of the material-->As-manufactured material--> | C31: Type of as-manufactured material (Cast / Ingot / Extrusion rod / …) | F31: Mandatory | G31: Ingot | H31: * | J31: =EXACT(G31,'Vh5205_C-98'!G31) -> TRUE
A32: 29 | B32: Material related-->History and condition of the material-->As-manufactured material--> | C32: Description of the as-manufactured material (geometry and dimensions) | F32: Mandatory | G32: Ingot with 4" Diameter | H32: * | J32: =EXACT(G32,'Vh5205_C-98'!G32) -> TRUE
A33: 30 | B33: Material related-->History and condition of the material-->As-manufactured material--> | C33: Description of the manufacturing process - as-manufactured material | F33: Optional | G33: Vacuum Induction Refined | H33: * | J33: =EXACT(G33,'Vh5205_C-98'!G33) -> TRUE
A34: 31 | B34: Material related-->History and condition of the material-->As-manufactured material--> | C34: Casting temperature | E34: °C | F34: Optional | J34: =EXACT(G34,'Vh5205_C-98'!G34) -> TRUE
A35: 32 | B35: Material related-->History and condition of the material-->As-manufactured material--> | C35: Casting speed | F35: Optional | J35: =EXACT(G35,'Vh5205_C-98'!G35) -> TRUE
A36: 33 | B36: Material related-->History and condition of the material-->As-manufactured material--> | C36: Single or polycrystal solidified | F36: Mandatory | G36: Single Crystal | H36: * | J36: =EXACT(G36,'Vh5205_C-98'!G36) -> TRUE
A37: 34 | B37: Material related-->History and condition of the material-->As-manufactured material--> | C37: Condition | F37: Mandatory | G37: Heat Treated | H37: * | J37: =EXACT(G37,'Vh5205_C-98'!G37) -> TRUE
A38: 35 | B38: Material related-->History and condition of the material-->As-tested material--> | C38: Supplier | F38: Mandatory | G38: PCC Airfoils, Inc. Minerva, Ohio. | H38: * | J38: =EXACT(G38,'Vh5205_C-98'!G38) -> TRUE
A39: 36 | B39: Material related-->History and condition of the material-->As-tested material--> | C39: Description of the as-tested material (geometry and dimensions) - The test piece is manufactured from the tested material. | F39: Mandatory | G39: Single Crystal Investment Cast See image file "Test-piece-location.pdf" For details see DOI: 10.7449/1980/Superalloys_1980_205_214, and DOI: 10.7449/1984/Superalloys_1984_167_176 | H39: * | J39: =EXACT(G39,'Vh5205_C-98'!G39) -> TRUE
A40: 37 | B40: Material related-->History and condition of the material-->As-tested material--> | C40: Description of the manufacturing process - as-tested material | F40: Mandatory | G40: Single Crystal Investment Casting from a Vacuum Induction Refined Ingot and subsequent Heat Treatment (annealed and aged). | H40: * | J40: =EXACT(G40,'Vh5205_C-98'!G40) -> TRUE
A41: 38 | B41: Material related-->History and condition of the material-->As-tested material--> | C41: Date of supply | F41: Mandatory | G41: 35458 | H41: * | J41: =EXACT(G41,'Vh5205_C-98'!G41) -> TRUE
A42: 39 | B42: Material related-->History and condition of the material-->As-tested material--> | C42: Order number | F42: Optional | H42: * | J42: =EXACT(G42,'Vh5205_C-98'!G42) -> TRUE
A43: 40 | B43: Material related-->History and condition of the material-->As-tested material--> | C43: Supplier sample ID | F43: Optional | H43: * | J43: =EXACT(G43,'Vh5205_C-98'!G43) -> TRUE
A44: 41 | B44: Material related-->History and condition of the material-->Heat treatment--> | C44: Heat treatment - State | F44: Mandatory | G44: Aged | H44: * | J44: =EXACT(G44,'Vh5205_C-98'!G44) -> TRUE
A45: 42 | B45: Material related-->History and condition of the material-->Heat treatment--> | C45: Multistage annealing? | F45: Optional | G45: Yes | H45: * | J45: =EXACT(G45,'Vh5205_C-98'!G45) -> TRUE
A46: 43 | B46: Material related-->History and condition of the material-->Heat treatment--> | C46: Multistage ageing? | F46: Optional | G46: Yes | H46: * | J46: =EXACT(G46,'Vh5205_C-98'!G46) -> TRUE
A47: 44 | B47: Material related-->History and condition of the material-->Heat treatment--> | C47: Atmosphere | F47: Optional | G47: See description | H47: * | J47: =EXACT(G47,'Vh5205_C-98'!G47) -> TRUE
A48: 45 | B48: Material related-->History and condition of the material-->Heat treatment--> | C48: Heat treatment - Annealing - Description | F48: Mandatory | G48: See worksheet "Heat_treatment" | H48: * | J48: =EXACT(G48,'Vh5205_C-98'!G48) -> TRUE
A49: 46 | B49: Material related-->History and condition of the material-->Heat treatment--> | C49: Heat treatment - Ageing - Description | F49: Mandatory | G49: See worksheet "Heat_treatment" | H49: * | J49: =EXACT(G49,'Vh5205_C-98'!G49) -> TRUE
A50: 47 | B50: Material related-->History and condition of the material-->Heat treatment--> | C50: Heat treatment - Protocol file | F50: Optional | J50: =EXACT(G50,'Vh5205_C-98'!G50) -> TRUE
A51: 48 | B51: Material related-->History and condition of the material-->Chemical composition--> | C51: Chemical composition - nominal | E51: wt.-% | F51: Mandatory | G51: See worksheet "Ch.-Comp._nominal" | H51: * | J51: =EXACT(G51,'Vh5205_C-98'!G51) -> TRUE
A52: 49 | B52: Material related-->History and condition of the material-->Chemical composition--> | C52: Chemical composition - measured (including precision) | E52: wt.-% | F52: Mandatory | G52: See worksheet "Ch.-Comp._measured" | H52: * | J52: =EXACT(G52,'Vh5205_C-98'!G52) -> TRUE
A53: 50 | B53: Material related-->History and condition of the material-->Chemical composition--> | C53: Measurement method | F53: Mandatory | G53: See worksheet "Ch.-Comp._measured" | H53: * | J53: =EXACT(G53,'Vh5205_C-98'!G53) -> TRUE
A54: 51 | B54: Material related-->History and condition of the material-->Chemical composition--> | C54: Measuring point | F54: Optional | G54: Master melt | H54: * | J54: =EXACT(G54,'Vh5205_C-98'!G54) -> TRUE
A55: 52 | B55: Material related-->History and condition of the material-->Chemical composition--> | C55: Partitioning of alloy elements in microstructure (dendrite cores and ID regions) | F55: Optional | J55: =EXACT(G55,'Vh5205_C-98'!G55) -> TRUE
A56: 53 | B56: Material related-->History and condition of the material-->Chemical composition--> | C56: Chemical composition in gamma and gamma' regions (dendrite cores and ID regions) | F56: Optional | J56: =EXACT(G56,'Vh5205_C-98'!G56) -> TRUE
A57: 54 | B57: Material related-->History and condition of the material-->Microstructure--> | C57: Type of investigation (characterization method) | F57: Mandatory | G57: Laue Crystal Verification | H57: * | J57: =EXACT(G57,'Vh5205_C-98'!G57) -> TRUE
A58: 55 | B58: Material related-->History and condition of the material-->Microstructure--> | C58: Grain size (if polycrystal) | E58: µm | F58: Mandatory | G58: Not applicable | H58: * | J58: =EXACT(G58,'Vh5205_C-98'!G58) -> TRUE
A59: 56 | B59: Material related-->History and condition of the material-->Microstructure--> | C59: Grain size - Determination method, measuring point | F59: Mandatory | G59: Not applicable | H59: * | J59: =EXACT(G59,'Vh5205_C-98'!G59) -> TRUE
A60: 57 | B60: Material related-->History and condition of the material-->Microstructure--> | C60: Grain size - documentation | F60: Optional | G60: Not applicable | H60: * | J60: =EXACT(G60,'Vh5205_C-98'!G60) -> TRUE
A61: 58 | B61: Material related-->History and condition of the material-->Microstructure--> | C61: Completely dissolved and re-precipitated gamma-gamma' regions | E61: % | F61: Optional | J61: =EXACT(G61,'Vh5205_C-98'!G61) -> TRUE
A62: 59 | B62: Material related-->History and condition of the material-->Microstructure--> | C62: Gamma'-particles', average size | E62: µm | F62: Optional | J62: =EXACT(G62,'Vh5205_C-98'!G62) -> TRUE
A63: 60 | B63: Material related-->History and condition of the material-->Microstructure--> | C63: Gamma'-particles', maximum size | E63: µm | F63: Optional | J63: =EXACT(G63,'Vh5205_C-98'!G63) -> TRUE
A64: 61 | B64: Material related-->History and condition of the material-->Microstructure--> | C64: Dendrite spacings | F64: Optional | J64: =EXACT(G64,'Vh5205_C-98'!G64) -> TRUE
A65: 62 | B65: Material related-->History and condition of the material-->Microstructure--> | C65: Microstructure after test (SX/PX, gprime-Vol, gprime-size, dendrites) | F65: Optional | J65: =EXACT(G65,'Vh5205_C-98'!G65) -> TRUE
A66: 63 | B66: Material related-->History and condition of the material-->Microstructure--> | C66: Images of the microstructure before testing | F66: Optional | G66: See file "Microstructure-before-testing.pdf" | H66: * | J66: =EXACT(G66,'Vh5205_C-98'!G66) -> TRUE
A67: 64 | B67: Material related-->History and condition of the material-->Microstructure--> | C67: Images of the microstructure after testing | F67: Optional | J67: =EXACT(G67,'Vh5205_C-98'!G67) -> TRUE
A68: 65 | B68: Material related-->History and condition of the material-->Microstructure--> | C68: Proof of single crystallinity | F68: Optional | G68: The absence of grain boundaries was verified by visual inspection of the investment casts surface after electrolytical etching. | H68: * | J68: =EXACT(G68,'Vh5205_C-98'!G68) -> TRUE
A69: 66 | B69: Material related-->History and condition of the material-->Microstructure--> | C69: Single crystal orientation (Laue Crystal Verification. Must be documented for each test piece) | E69: ° | F69: Mandatory | G69: The angle alpha indicates the deviation of the [001]-direction from the symmetry axis of the respective cast (as-tested material). Values in worksheet "Single_crystal_orientation" | H69: * | J69: =EXACT(G69,'Vh5205_C-98'!G69) -> TRUE
A70: 67 | B70: Material related-->History and condition of the material-->Microstructure--> | C70: Single crystal orientation - Determination method, measuring point | F70: Mandatory | G70: A Scorpio system (DOI: 10.1088/0957-0233/6/1/021) was used. The orientation was determined at the lower end (right side in file "Test-piece-location.pdf") of each cast. | H70: * | J70: =EXACT(G70,'Vh5205_C-98'!G70) -> TRUE
A71: 68 | B71: Material related-->History and condition of the material-->Microstructure--> | C71: Accuracy of the determination of the single crystal orientation | F71: Optional | J71: =EXACT(G71,'Vh5205_C-98'!G71) -> TRUE
A72: 69 | B72: Material related-->History and condition of the material-->Results from NDT--> | C72: Crack inspection: e.g., Penetrant certification/Radiographic certification/XCT | F72: Optional | J72: =EXACT(G72,'Vh5205_C-98'!G72) -> TRUE
A73: 70 | B73: Material related-->History and condition of the material-->Results from NDT--> | C73: X-Ray film | F73: Optional | J73: =EXACT(G73,'Vh5205_C-98'!G73) -> TRUE
A74: 71 | B74: Material related-->History and condition of the material-->Results from other mech. tests--> | C74: 0.2 % Proof strength at room temperature | E74: MPa | F74: Optional | J74: =EXACT(G74,'Vh5205_C-98'!G74) -> TRUE
A75: 72 | B75: Material related-->History and condition of the material-->Results from other mech. tests--> | C75: 0.2 % Proof strength at creep test temperature | E75: MPa | F75: Optional | G75: See worksheet "Rp0.2" | H75: * | J75: =EXACT(G75,'Vh5205_C-98'!G75) -> TRUE
A76: 73 | B76: Material related-->History and condition of the material-->Results from other mech. tests--> | C76: Hardness | F76: Optional | J76: =EXACT(G76,'Vh5205_C-98'!G76) -> TRUE
A77: 74 | B77: Material related-->Test piece--> | C77: Test piece ID | F77: Optional | G77: Vh5205_C-82 | J77: =EXACT(G77,'Vh5205_C-98'!G77) -> FALSE
A78: 75 | B78: Material related-->Test piece--> | C78: Workshop order ID/ref. | F78: Optional | J78: =EXACT(G78,'Vh5205_C-98'!G78) -> TRUE
A79: 76 | B79: Material related-->Test piece--> | C79: Test piece history | F79: Optional | G79: No previous experiments | H79: * | J79: =EXACT(G79,'Vh5205_C-98'!G79) -> TRUE
A80: 77 | B80: Material related-->Test piece--> | C80: Type of test piece I | F80: Mandatory | G80: Specimen according to DIN EN ISO 204:2019-4 | H80: * | J80: =EXACT(G80,'Vh5205_C-98'!G80) -> TRUE
A81: 78 | B81: Material related-->Test piece--> | C81: Type of test piece II | F81: Mandatory | G81: Round cross section | H81: * | J81: =EXACT(G81,'Vh5205_C-98'!G81) -> TRUE
A82: 79 | B82: Material related-->Test piece--> | C82: Type of test piece III | F82: Mandatory | G82: Smooth test piece | H82: * | J82: =EXACT(G82,'Vh5205_C-98'!G82) -> TRUE
A83: 80 | B83: Material related-->Test piece--> | C83: Test piece technical drawing | F83: Mandatory | G83: See file "TestPieceCreepTests-TechnicalDrawing-FormA.pdf" Specimen's dimensions correspond to "Form A", see table in file. | H83: * | J83: =EXACT(G83,'Vh5205_C-98'!G83) -> TRUE
A84: 81 | B84: Material related-->Test piece--> | C84: Location of the test piece within the as-tested material | F84: Mandatory | G84: See file "Test-piece-location.pdf" | H84: * | J84: =EXACT(G84,'Vh5205_C-98'!G84) -> TRUE
A85: 82 | B85: Material related-->Test piece--> | C85: Positioning (Laue, precision) - Description whether coordinate systems of as-tested material and test piece coincide, and of the alignment in the test machine | F85: Mandatory | G85: The axis of the cast (as-tested material), the creep test piece, and the load axis match. | H85: * | J85: =EXACT(G85,'Vh5205_C-98'!G85) -> TRUE
A86: 83 | B86: Material related-->Test piece--> | C86: Further information about sample(s) | E86: µm | F86: Optional | G86: Surface roughness values, Rz [µm], available for each test piece. Measurement protocols are available in the laboratory. Finishing was carried out using cylindrical grinding. Values in worksheet "Roughness" | H86: * | J86: =EXACT(G86,'Vh5205_C-98'!G86) -> TRUE
A87: 84 | B87: Measuring and test equipment-->Test machine--> | C87: Test machine ID | F87: Optional | G87: Zug 07 | H87: * | J87: =EXACT(G87,'Vh5205_C-98'!G87) -> TRUE
A88: 85 | B88: Measuring and test equipment-->Test machine--> | C88: Type of test machine | F88: Optional | G88: Lever arm, Leverage ratio 1:20.4 | H88: * | J88: =EXACT(G88,'Vh5205_C-98'!G88) -> TRUE
A89: 86 | B89: Measuring and test equipment-->Test machine--> | C89: Min. applied force | E89: kN | F89: Optional | G89: 1 | H89: * | J89: =EXACT(G89,'Vh5205_C-98'!G89) -> TRUE
A90: 87 | B90: Measuring and test equipment-->Test machine--> | C90: Max. applied force | E90: kN | F90: Optional | G90: 20 | H90: * | J90: =EXACT(G90,'Vh5205_C-98'!G90) -> TRUE
A91: 88 | B91: Measuring and test equipment-->Test machine--> | C91: Verification of Test Frame and Specimen Alignment according to ASTM E1012? | F91: Mandatory | G91: Yes. Verification was performed according to ASTM E1012 on 18.07.2011. | H91: * | J91: =EXACT(G91,'Vh5205_C-98'!G91) -> TRUE
A92: 89 | B92: Measuring and test equipment-->Test machine--> | C92: Please provide a description on the procedure followed for the Verification of Test Frame and Specimen Alignment if different from ASTM E1012 | F92: Mandatory | G92: Not applicable since verification was performed according to ASTM E1012 | H92: * | J92: =EXACT(G92,'Vh5205_C-98'!G92) -> TRUE
A93: 90 | B93: Measuring and test equipment-->Test machine--> | C93: Calibration class (Alignment) | F93: Mandatory | G93: Verification: the machine fulfills the requirements for test forces >2 kN Protocol of alignment is available in the laboratory. | H93: * | J93: =EXACT(G93,'Vh5205_C-98'!G93) -> TRUE
A94: 91 | B94: Measuring and test equipment-->Test machine-->Data acquisition--> | C94: Data acquisition unit - Model information | F94: Optional | G94: National Instruments NI SXCI-1600 | H94: * | J94: =EXACT(G94,'Vh5205_C-98'!G94) -> TRUE
A95: 92 | B95: Measuring and test equipment-->Test machine-->Data acquisition--> | C95: Data acquisition unit - Laboratory ID | F95: Optional | G95: 19.08 | H95: * | J95: =EXACT(G95,'Vh5205_C-98'!G95) -> TRUE
A96: 93 | B96: Measuring and test equipment-->Test machine-->Data acquisition--> | C96: Data acquisition software and version | F96: Mandatory | G96: Lab's own development (v22.08.22) | H96: * | J96: =EXACT(G96,'Vh5205_C-98'!G96) -> TRUE
A97: 94 | B97: Measuring and test equipment-->Test machine-->Data acquisition--> | C97: Data acquisition - description | F97: Mandatory | G97: See worksheets "Data-acquisition" and "Data-acquisition-creep" | H97: * | J97: =EXACT(G97,'Vh5205_C-98'!G97) -> TRUE
A98: 95 | B98: Measuring and test equipment-->Test machine-->Data acquisition--> | C98: Was the time checked during data acquisition? | F98: Optional | G98: Yes | H98: * | J98: =EXACT(G98,'Vh5205_C-98'!G98) -> TRUE
A99: 96 | B99: Measuring and test equipment-->Test force-->Loading system--> | C99: Was the loading system calibrated/verified? | F99: Mandatory | G99: Yes | H99: * | J99: =EXACT(G99,'Vh5205_C-98'!G99) -> TRUE
A100: 97 | B100: Measuring and test equipment-->Test force-->Loading system--> | C100: Calibration certificate | F100: Optional | J100: =EXACT(G100,'Vh5205_C-98'!G100) -> TRUE
...

Sheet Vh5205_C-97
F1: Mandatory
F2: Optional
A3: ROW | B3: CATEGORIZATION | C3: ENTRY | D3: SYMBOL | E3: UNIT | F3: REQUIREMENT | H3: * Information common to all tests
A4: 1 | B4: Test info-->Test job details--> | C4: Date of test start | F4: Mandatory | G4: 45007.365 | J4: =EXACT(G4,'Vh5205_C-82'!G4) -> FALSE
A5: 2 | B5: Test info-->Test job details--> | C5: Data of test end | F5: Mandatory | G5: 45014.074 | J5: =EXACT(G5,'Vh5205_C-82'!G5) -> FALSE
A6: 3 | B6: Test info-->Test job details--> | C6: Test ID | F6: Mandatory | G6: Vh5205_C-97 | J6: =EXACT(G6,'Vh5205_C-82'!G6) -> FALSE
A7: 4 | B7: Test info-->Test job details--> | C7: Project | F7: Optional | G7: Vh 5205 | H7: * | J7: =EXACT(G7,'Vh5205_C-82'!G7) -> TRUE
A8: 5 | B8: Test info-->Test job details--> | C8: Test order | F8: Optional | G8: Not applicable | H8: * | J8: =EXACT(G8,'Vh5205_C-82'!G8) -> TRUE
A9: 6 | B9: Test info-->Test parameters--> | C9: Was the test performed according to a test standard? | F9: Mandatory | G9: Yes | H9: * | J9: =EXACT(G9,'Vh5205_C-82'!G9) -> TRUE
A10: 7 | B10: Test info-->Test parameters--> | C10: Test standard | F10: Mandatory | G10: DIN EN ISO 204:2019-4 | H10: * | J10: =EXACT(G10,'Vh5205_C-82'!G10) -> TRUE
A11: 8 | B11: Test info-->Test parameters--> | C11: Specified temperature | D11: T | E11: °C | F11: Mandatory | G11: 980 °C | H11: * | J11: =EXACT(G11,'Vh5205_C-82'!G11) -> TRUE
A12: 9 | B12: Test info-->Test parameters--> | C12: Type of loading | F12: Mandatory | G12: Tension | H12: * | J12: =EXACT(G12,'Vh5205_C-82'!G12) -> TRUE
A13: 10 | B13: Test info-->Test parameters--> | C13: Load control type | F13: Mandatory | G13: Constant force | H13: * | J13: =EXACT(G13,'Vh5205_C-82'!G13) -> TRUE
A14: 11 | B14: Test info-->Test parameters--> | C14: Initial stress | D14: Ro | E14: MPa | F14: Mandatory | G14: 200 | J14: =EXACT(G14,'Vh5205_C-82'!G14) -> TRUE
A15: 12 | B15: Test info-->Test parameters--> | C15: Test type | F15: Mandatory | G15: Uninterrupted creep tests with continuous monitoring of extension | H15: * | J15: =EXACT(G15,'Vh5205_C-82'!G15) -> TRUE
A16: 13 | B16: Test info-->Test parameters--> | C16: End of test criterium | F16: Mandatory | G16: Test piece break | J16: =EXACT(G16,'Vh5205_C-82'!G16) -> TRUE
A17: 14 | B17: Test info-->Test parameters--> | C17: End of test criterium - value (if not test piece break) | F17: Mandatory | G17: Not applicable | J17: =EXACT(G17,'Vh5205_C-82'!G17) -> TRUE
A18: 15 | B18: Test info-->Test parameters--> | C18: Interruption course | F18: Mandatory | G18: Not applicable | J18: =EXACT(G18,'Vh5205_C-82'!G18) -> TRUE
A19: 16 | B19: Test info-->Test parameters--> | C19: Test force | E19: kN | F19: Optional | J19: =EXACT(G19,'Vh5205_C-82'!G19) -> TRUE
A20: 17 | B20: Test info-->Test parameters--> | C20: Preload (Part of the test force) | E20: kN | F20: Mandatory | G20: 0,2 kN (20.4 kg) | H20: * | J20: =EXACT(G20,'Vh5205_C-82'!G20) -> TRUE
A21: 18 | B21: Test info-->Test parameters--> | C21: Other additional information (e.g. if constant stress) | F21: Optional | J21: =EXACT(G21,'Vh5205_C-82'!G21) -> TRUE
A22: 19 | B22: Test info-->Related research outcome--> | C22: Related article(s) available? | F22: Optional | G22: No | H22: * | J22: =EXACT(G22,'Vh5205_C-82'!G22) -> TRUE
A23: 20 | B23: Test info-->Related research outcome--> | C23: DOI Article 1 | F23: Optional | J23: =EXACT(G23,'Vh5205_C-82'!G23) -> TRUE
A24: 21 | B24: Test info-->Related research outcome--> | C24: Short description of content article 1 | F24: Optional | J24: =EXACT(G24,'Vh5205_C-82'!G24) -> TRUE
A25: 22 | B25: Test info-->Related research outcome--> | C25: DOI Article 2 | F25: Optional | J25: =EXACT(G25,'Vh5205_C-82'!G25) -> TRUE
A26: 23 | B26: Test info-->Related research outcome--> | C26: Short description of content article 2 | F26: Optional | J26: =EXACT(G26,'Vh5205_C-82'!G26) -> TRUE
A27: 24 | B27: Test info-->Related research outcome--> | C27: DOI Article n | F27: Optional | J27: =EXACT(G27,'Vh5205_C-82'!G27) -> TRUE
A28: 25 | B28: Test info-->Related research outcome--> | C28: Short description of content article n | F28: Optional | J28: =EXACT(G28,'Vh5205_C-82'!G28) -> TRUE
A29: 26 | B29: Material related-->History and condition of the material--> | C29: (Digital) Material Identifier | F29: Mandatory | G29: CMSX-6 | H29: * | J29: =EXACT(G29,'Vh5205_C-82'!G29) -> TRUE
A30: 27 | B30: Material related-->History and condition of the material-->As-manufactured material--> | C30: Information on phase equilibrium | F30: Optional | J30: =EXACT(G30,'Vh5205_C-82'!G30) -> TRUE
A31: 28 | B31: Material related-->History and condition of the material-->As-manufactured material--> | C31: Type of as-manufactured material (Cast / Ingot / Extrusion rod / …) | F31: Mandatory | G31: Ingot | H31: * | J31: =EXACT(G31,'Vh5205_C-82'!G31) -> TRUE
A32: 29 | B32: Material related-->History and condition of the material-->As-manufactured material--> | C32: Description of the as-manufactured material (geometry and dimensions) | F32: Mandatory | G32: Ingot with 4" Diameter | H32: * | J32: =EXACT(G32,'Vh5205_C-82'!G32) -> TRUE
A33: 30 | B33: Material related-->History and condition of the material-->As-manufactured material--> | C33: Description of the manufacturing process - as-manufactured material | F33: Optional | G33: Vacuum Induction Refined | H33: * | J33: =EXACT(G33,'Vh5205_C-82'!G33) -> TRUE
A34: 31 | B34: Material related-->History and condition of the material-->As-manufactured material--> | C34: Casting temperature | E34: °C | F34: Optional | J34: =EXACT(G34,'Vh5205_C-82'!G34) -> TRUE
A35: 32 | B35: Material related-->History and condition of the material-->As-manufactured material--> | C35: Casting speed | F35: Optional | J35: =EXACT(G35,'Vh5205_C-82'!G35) -> TRUE
A36: 33 | B36: Material related-->History and condition of the material-->As-manufactured material--> | C36: Single or polycrystal solidified | F36: Mandatory | G36: Single Crystal | H36: * | J36: =EXACT(G36,'Vh5205_C-82'!G36) -> TRUE
A37: 34 | B37: Material related-->History and condition of the material-->As-manufactured material--> | C37: Condition | F37: Mandatory | G37: Heat Treated | H37: * | J37: =EXACT(G37,'Vh5205_C-82'!G37) -> TRUE
A38: 35 | B38: Material related-->History and condition of the material-->As-tested material--> | C38: Supplier | F38: Mandatory | G38: PCC Airfoils, Inc. Minerva, Ohio. | H38: * | J38: =EXACT(G38,'Vh5205_C-82'!G38) -> TRUE
A39: 36 | B39: Material related-->History and condition of the material-->As-tested material--> | C39: Description of the as-tested material (geometry and dimensions) - The test piece is manufactured from the tested material. | F39: Mandatory | G39: Single Crystal Investment Cast See image file "Test-piece-location.pdf" For details see DOI: 10.7449/1980/Superalloys_1980_205_214, and DOI: 10.7449/1984/Superalloys_1984_167_176 | H39: * | J39: =EXACT(G39,'Vh5205_C-82'!G39) -> TRUE
A40: 37 | B40: Material related-->History and condition of the material-->As-tested material--> | C40: Description of the manufacturing process - as-tested material | F40: Mandatory | G40: Single Crystal Investment Casting from a Vacuum Induction Refined Ingot and subsequent Heat Treatment (annealed and aged). | H40: * | J40: =EXACT(G40,'Vh5205_C-82'!G40) -> TRUE
A41: 38 | B41: Material related-->History and condition of the material-->As-tested material--> | C41: Date of supply | F41: Mandatory | G41: 35458 | H41: * | J41: =EXACT(G41,'Vh5205_C-82'!G41) -> TRUE
A42: 39 | B42: Material related-->History and condition of the material-->As-tested material--> | C42: Order number | F42: Optional | H42: * | J42: =EXACT(G42,'Vh5205_C-82'!G42) -> TRUE
A43: 40 | B43: Material related-->History and condition of the material-->As-tested material--> | C43: Supplier sample ID | F43: Optional | H43: * | J43: =EXACT(G43,'Vh5205_C-82'!G43) -> TRUE
A44: 41 | B44: Material related-->History and condition of the material-->Heat treatment--> | C44: Heat treatment - State | F44: Mandatory | G44: Aged | H44: * | J44: =EXACT(G44,'Vh5205_C-82'!G44) -> TRUE
A45: 42 | B45: Material related-->History and condition of the material-->Heat treatment--> | C45: Multistage annealing? | F45: Optional | G45: Yes | H45: * | J45: =EXACT(G45,'Vh5205_C-82'!G45) -> TRUE
A46: 43 | B46: Material related-->History and condition of the material-->Heat treatment--> | C46: Multistage ageing? | F46: Optional | G46: Yes | H46: * | J46: =EXACT(G46,'Vh5205_C-82'!G46) -> TRUE
A47: 44 | B47: Material related-->History and condition of the material-->Heat treatment--> | C47: Atmosphere | F47: Optional | G47: See description | H47: * | J47: =EXACT(G47,'Vh5205_C-82'!G47) -> TRUE
A48: 45 | B48: Material related-->History and condition of the material-->Heat treatment--> | C48: Heat treatment - Annealing - Description | F48: Mandatory | G48: See worksheet "Heat_treatment" | H48: * | J48: =EXACT(G48,'Vh5205_C-82'!G48) -> TRUE
A49: 46 | B49: Material related-->History and condition of the material-->Heat treatment--> | C49: Heat treatment - Ageing - Description | F49: Mandatory | G49: See worksheet "Heat_treatment" | H49: * | J49: =EXACT(G49,'Vh5205_C-82'!G49) -> TRUE
A50: 47 | B50: Material related-->History and condition of the material-->Heat treatment--> | C50: Heat treatment - Protocol file | F50: Optional | J50: =EXACT(G50,'Vh5205_C-82'!G50) -> TRUE
A51: 48 | B51: Material related-->History and condition of the material-->Chemical composition--> | C51: Chemical composition - nominal | E51: wt.-% | F51: Mandatory | G51: See worksheet "Ch.-Comp._nominal" | H51: * | J51: =EXACT(G51,'Vh5205_C-82'!G51) -> TRUE
A52: 49 | B52: Material related-->History and condition of the material-->Chemical composition--> | C52: Chemical composition - measured (including precision) | E52: wt.-% | F52: Mandatory | G52: See worksheet "Ch.-Comp._measured" | H52: * | J52: =EXACT(G52,'Vh5205_C-82'!G52) -> TRUE
A53: 50 | B53: Material related-->History and condition of the material-->Chemical composition--> | C53: Measurement method | F53: Mandatory | G53: See worksheet "Ch.-Comp._measured" | H53: * | J53: =EXACT(G53,'Vh5205_C-82'!G53) -> TRUE
A54: 51 | B54: Material related-->History and condition of the material-->Chemical composition--> | C54: Measuring point | F54: Optional | G54: Master melt | H54: * | J54: =EXACT(G54,'Vh5205_C-82'!G54) -> TRUE
A55: 52 | B55: Material related-->History and condition of the material-->Chemical composition--> | C55: Partitioning of alloy elements in microstructure (dendrite cores and ID regions) | F55: Optional | J55: =EXACT(G55,'Vh5205_C-82'!G55) -> TRUE
A56: 53 | B56: Material related-->History and condition of the material-->Chemical composition--> | C56: Chemical composition in gamma and gamma' regions (dendrite cores and ID regions) | F56: Optional | J56: =EXACT(G56,'Vh5205_C-82'!G56) -> TRUE
A57: 54 | B57: Material related-->History and condition of the material-->Microstructure--> | C57: Type of investigation (characterization method) | F57: Mandatory | G57: Laue Crystal Verification | H57: * | J57: =EXACT(G57,'Vh5205_C-82'!G57) -> TRUE
A58: 55 | B58: Material related-->History and condition of the material-->Microstructure--> | C58: Grain size (if polycrystal) | E58: µm | F58: Mandatory | G58: Not applicable | H58: * | J58: =EXACT(G58,'Vh5205_C-82'!G58) -> TRUE
A59: 56 | B59: Material related-->History and condition of the material-->Microstructure--> | C59: Grain size - Determination method, measuring point | F59: Mandatory | G59: Not applicable | H59: * | J59: =EXACT(G59,'Vh5205_C-82'!G59) -> TRUE
A60: 57 | B60: Material related-->History and condition of the material-->Microstructure--> | C60: Grain size - documentation | F60: Optional | G60: Not applicable | H60: * | J60: =EXACT(G60,'Vh5205_C-82'!G60) -> TRUE
A61: 58 | B61: Material related-->History and condition of the material-->Microstructure--> | C61: Completely dissolved and re-precipitated gamma-gamma' regions | E61: % | F61: Optional | J61: =EXACT(G61,'Vh5205_C-82'!G61) -> TRUE
A62: 59 | B62: Material related-->History and condition of the material-->Microstructure--> | C62: Gamma'-particles', average size | E62: µm | F62: Optional | J62: =EXACT(G62,'Vh5205_C-82'!G62) -> TRUE
A63: 60 | B63: Material related-->History and condition of the material-->Microstructure--> | C63: Gamma'-particles', maximum size | E63: µm | F63: Optional | J63: =EXACT(G63,'Vh5205_C-82'!G63) -> TRUE
A64: 61 | B64: Material related-->History and condition of the material-->Microstructure--> | C64: Dendrite spacings | F64: Optional | J64: =EXACT(G64,'Vh5205_C-82'!G64) -> TRUE
A65: 62 | B65: Material related-->History and condition of the material-->Microstructure--> | C65: Microstructure after test (SX/PX, gprime-Vol, gprime-size, dendrites) | F65: Optional | J65: =EXACT(G65,'Vh5205_C-82'!G65) -> TRUE
A66: 63 | B66: Material related-->History and condition of the material-->Microstructure--> | C66: Images of the microstructure before testing | F66: Optional | G66: See file "Microstructure-before-testing.pdf" | H66: * | J66: =EXACT(G66,'Vh5205_C-82'!G66) -> TRUE
A67: 64 | B67: Material related-->History and condition of the material-->Microstructure--> | C67: Images of the microstructure after testing | F67: Optional | J67: =EXACT(G67,'Vh5205_C-82'!G67) -> TRUE
A68: 65 | B68: Material related-->History and condition of the material-->Microstructure--> | C68: Proof of single crystallinity | F68: Optional | G68: The absence of grain boundaries was verified by visual inspection of the investment casts surface after electrolytical etching. | H68: * | J68: =EXACT(G68,'Vh5205_C-82'!G68) -> TRUE
A69: 66 | B69: Material related-->History and condition of the material-->Microstructure--> | C69: Single crystal orientation (Laue Crystal Verification. Must be documented for each test piece) | E69: ° | F69: Mandatory | G69: The angle alpha indicates the deviation of the [001]-direction from the symmetry axis of the respective cast (as-tested material). Values in worksheet "Single_crystal_orientation" | H69: * | J69: =EXACT(G69,'Vh5205_C-82'!G69) -> TRUE
A70: 67 | B70: Material related-->History and condition of the material-->Microstructure--> | C70: Single crystal orientation - Determination method, measuring point | F70: Mandatory | G70: A Scorpio system (DOI: 10.1088/0957-0233/6/1/021) was used. The orientation was determined at the lower end (right side in file "Test-piece-location.pdf") of each cast. | H70: * | J70: =EXACT(G70,'Vh5205_C-82'!G70) -> TRUE
A71: 68 | B71: Material related-->History and condition of the material-->Microstructure--> | C71: Accuracy of the determination of the single crystal orientation | F71: Optional | J71: =EXACT(G71,'Vh5205_C-82'!G71) -> TRUE
A72: 69 | B72: Material related-->History and condition of the material-->Results from NDT--> | C72: Crack inspection: e.g., Penetrant certification/Radiographic certification/XCT | F72: Optional | J72: =EXACT(G72,'Vh5205_C-82'!G72) -> TRUE
A73: 70 | B73: Material related-->History and condition of the material-->Results from NDT--> | C73: X-Ray film | F73: Optional | J73: =EXACT(G73,'Vh5205_C-82'!G73) -> TRUE
A74: 71 | B74: Material related-->History and condition of the material-->Results from other mech. tests--> | C74: 0.2 % Proof strength at room temperature | E74: MPa | F74: Optional | J74: =EXACT(G74,'Vh5205_C-82'!G74) -> TRUE
A75: 72 | B75: Material related-->History and condition of the material-->Results from other mech. tests--> | C75: 0.2 % Proof strength at creep test temperature | E75: MPa | F75: Optional | G75: See worksheet "Rp0.2" | H75: * | J75: =EXACT(G75,'Vh5205_C-82'!G75) -> TRUE
A76: 73 | B76: Material related-->History and condition of the material-->Results from other mech. tests--> | C76: Hardness | F76: Optional | J76: =EXACT(G76,'Vh5205_C-82'!G76) -> TRUE
A77: 74 | B77: Material related-->Test piece--> | C77: Test piece ID | F77: Optional | G77: Vh5205_C-97 | J77: =EXACT(G77,'Vh5205_C-82'!G77) -> FALSE
A78: 75 | B78: Material related-->Test piece--> | C78: Workshop order ID/ref. | F78: Optional | J78: =EXACT(G78,'Vh5205_C-82'!G78) -> TRUE
A79: 76 | B79: Material related-->Test piece--> | C79: Test piece history | F79: Optional | G79: No previous experiments | H79: * | J79: =EXACT(G79,'Vh5205_C-82'!G79) -> TRUE
A80: 77 | B80: Material related-->Test piece--> | C80: Type of test piece I | F80: Mandatory | G80: Specimen according to DIN EN ISO 204:2019-4 | H80: * | J80: =EXACT(G80,'Vh5205_C-82'!G80) -> TRUE
A81: 78 | B81: Material related-->Test piece--> | C81: Type of test piece II | F81: Mandatory | G81: Round cross section | H81: * | J81: =EXACT(G81,'Vh5205_C-82'!G81) -> TRUE
A82: 79 | B82: Material related-->Test piece--> | C82: Type of test piece III | F82: Mandatory | G82: Smooth test piece | H82: * | J82: =EXACT(G82,'Vh5205_C-82'!G82) -> TRUE
A83: 80 | B83: Material related-->Test piece--> | C83: Test piece technical drawing | F83: Mandatory | G83: See file "TestPieceCreepTests-TechnicalDrawing-FormA.pdf" Specimen's dimensions correspond to "Form A", see table in file. | H83: * | J83: =EXACT(G83,'Vh5205_C-82'!G83) -> TRUE
A84: 81 | B84: Material related-->Test piece--> | C84: Location of the test piece within the as-tested material | F84: Mandatory | G84: See file "Test-piece-location.pdf" | H84: * | J84: =EXACT(G84,'Vh5205_C-82'!G84) -> TRUE
A85: 82 | B85: Material related-->Test piece--> | C85: Positioning (Laue, precision) - Description whether coordinate systems of as-tested material and test piece coincide, and of the alignment in the test machine | F85: Mandatory | G85: The axis of the cast (as-tested material), the creep test piece, and the load axis match. | H85: * | J85: =EXACT(G85,'Vh5205_C-82'!G85) -> TRUE
A86: 83 | B86: Material related-->Test piece--> | C86: Further information about sample(s) | E86: µm | F86: Optional | G86: Surface roughness values, Rz [µm], available for each test piece. Measurement protocols are available in the laboratory. Finishing was carried out using cylindrical grinding. Values in worksheet "Roughness" | H86: * | J86: =EXACT(G86,'Vh5205_C-82'!G86) -> TRUE
A87: 84 | B87: Measuring and test equipment-->Test machine--> | C87: Test machine ID | F87: Optional | G87: Zug 07 | H87: * | J87: =EXACT(G87,'Vh5205_C-82'!G87) -> TRUE
A88: 85 | B88: Measuring and test equipment-->Test machine--> | C88: Type of test machine | F88: Optional | G88: Lever arm, Leverage ratio 1:20.4 | H88: * | J88: =EXACT(G88,'Vh5205_C-82'!G88) -> TRUE
A89: 86 | B89: Measuring and test equipment-->Test machine--> | C89: Min. applied force | E89: kN | F89: Optional | G89: 1 | H89: * | J89: =EXACT(G89,'Vh5205_C-82'!G89) -> TRUE
A90: 87 | B90: Measuring and test equipment-->Test machine--> | C90: Max. applied force | E90: kN | F90: Optional | G90: 20 | H90: * | J90: =EXACT(G90,'Vh5205_C-82'!G90) -> TRUE
A91: 88 | B91: Measuring and test equipment-->Test machine--> | C91: Verification of Test Frame and Specimen Alignment according to ASTM E1012? | F91: Mandatory | G91: Yes. Verification was performed according to ASTM E1012 on 18.07.2011. | H91: * | J91: =EXACT(G91,'Vh5205_C-82'!G91) -> TRUE
A92: 89 | B92: Measuring and test equipment-->Test machine--> | C92: Please provide a description on the procedure followed for the Verification of Test Frame and Specimen Alignment if different from ASTM E1012 | F92: Mandatory | G92: Not applicable since verification was performed according to ASTM E1012 | H92: * | J92: =EXACT(G92,'Vh5205_C-82'!G92) -> TRUE
A93: 90 | B93: Measuring and test equipment-->Test machine--> | C93: Calibration class (Alignment) | F93: Mandatory | G93: Verification: the machine fulfills the requirements for test forces >2 kN Protocol of alignment is available in the laboratory. | H93: * | J93: =EXACT(G93,'Vh5205_C-82'!G93) -> TRUE
A94: 91 | B94: Measuring and test equipment-->Test machine-->Data acquisition--> | C94: Data acquisition unit - Model information | F94: Optional | G94: National Instruments NI SXCI-1600 | H94: * | J94: =EXACT(G94,'Vh5205_C-82'!G94) -> TRUE
A95: 92 | B95: Measuring and test equipment-->Test machine-->Data acquisition--> | C95: Data acquisition unit - Laboratory ID | F95: Optional | G95: 19.08 | H95: * | J95: =EXACT(G95,'Vh5205_C-82'!G95) -> TRUE
A96: 93 | B96: Measuring and test equipment-->Test machine-->Data acquisition--> | C96: Data acquisition software and version | F96: Mandatory | G96: Lab's own development (v22.08.22) | H96: * | J96: =EXACT(G96,'Vh5205_C-82'!G96) -> TRUE
A97: 94 | B97: Measuring and test equipment-->Test machine-->Data acquisition--> | C97: Data acquisition - description | F97: Mandatory | G97: See worksheets "Data-acquisition" and "Data-acquisition-creep" | H97: * | J97: =EXACT(G97,'Vh5205_C-82'!G97) -> TRUE
A98: 95 | B98: Measuring and test equipment-->Test machine-->Data acquisition--> | C98: Was the time checked during data acquisition? | F98: Optional | G98: Yes | H98: * | J98: =EXACT(G98,'Vh5205_C-82'!G98) -> TRUE
A99: 96 | B99: Measuring and test equipment-->Test force-->Loading system--> | C99: Was the loading system calibrated/verified? | F99: Mandatory | G99: Yes | H99: * | J99: =EXACT(G99,'Vh5205_C-82'!G99) -> TRUE
A100: 97 | B100: Measuring and test equipment-->Test force-->Loading system--> | C100: Calibration certificate | F100: Optional | J100: =EXACT(G100,'Vh5205_C-82'!G100) -> TRUE
...

Sheet Vh5205_C-99
F1: Mandatory
F2: Optional
A3: ROW | B3: CATEGORIZATION | C3: ENTRY | D3: SYMBOL | E3: UNIT | F3: REQUIREMENT | H3: * Information common to all tests
A4: 1 | B4: Test info-->Test job details--> | C4: Date of test start | F4: Mandatory | G4: 44944.39 | J4: =EXACT(G4,'Vh5205_C-97'!G4) -> FALSE
A5: 2 | B5: Test info-->Test job details--> | C5: Data of test end | F5: Mandatory | G5: 44951.473 | J5: =EXACT(G5,'Vh5205_C-97'!G5) -> FALSE
A6: 3 | B6: Test info-->Test job details--> | C6: Test ID | F6: Mandatory | G6: Vh5205_C-99 | J6: =EXACT(G6,'Vh5205_C-97'!G6) -> FALSE
A7: 4 | B7: Test info-->Test job details--> | C7: Project | F7: Optional | G7: Vh 5205 | H7: * | J7: =EXACT(G7,'Vh5205_C-97'!G7) -> TRUE
A8: 5 | B8: Test info-->Test job details--> | C8: Test order | F8: Optional | G8: Not applicable | H8: * | J8: =EXACT(G8,'Vh5205_C-97'!G8) -> TRUE
A9: 6 | B9: Test info-->Test parameters--> | C9: Was the test performed according to a test standard? | F9: Mandatory | G9: Yes | H9: * | J9: =EXACT(G9,'Vh5205_C-97'!G9) -> TRUE
A10: 7 | B10: Test info-->Test parameters--> | C10: Test standard | F10: Mandatory | G10: DIN EN ISO 204:2019-4 | H10: * | J10: =EXACT(G10,'Vh5205_C-97'!G10) -> TRUE
A11: 8 | B11: Test info-->Test parameters--> | C11: Specified temperature | D11: T | E11: °C | F11: Mandatory | G11: 980 °C | H11: * | J11: =EXACT(G11,'Vh5205_C-97'!G11) -> TRUE
A12: 9 | B12: Test info-->Test parameters--> | C12: Type of loading | F12: Mandatory | G12: Tension | H12: * | J12: =EXACT(G12,'Vh5205_C-97'!G12) -> TRUE
A13: 10 | B13: Test info-->Test parameters--> | C13: Load control type | F13: Mandatory | G13: Constant force | H13: * | J13: =EXACT(G13,'Vh5205_C-97'!G13) -> TRUE
A14: 11 | B14: Test info-->Test parameters--> | C14: Initial stress | D14: Ro | E14: MPa | F14: Mandatory | G14: 200 | J14: =EXACT(G14,'Vh5205_C-97'!G14) -> TRUE
A15: 12 | B15: Test info-->Test parameters--> | C15: Test type | F15: Mandatory | G15: Uninterrupted creep tests with continuous monitoring of extension | H15: * | J15: =EXACT(G15,'Vh5205_C-97'!G15) -> TRUE
A16: 13 | B16: Test info-->Test parameters--> | C16: End of test criterium | F16: Mandatory | G16: Test piece break | J16: =EXACT(G16,'Vh5205_C-97'!G16) -> TRUE
A17: 14 | B17: Test info-->Test parameters--> | C17: End of test criterium - value (if not test piece break) | F17: Mandatory | G17: Not applicable | J17: =EXACT(G17,'Vh5205_C-97'!G17) -> TRUE
A18: 15 | B18: Test info-->Test parameters--> | C18: Interruption course | F18: Mandatory | G18: Not applicable | J18: =EXACT(G18,'Vh5205_C-97'!G18) -> TRUE
A19: 16 | B19: Test info-->Test parameters--> | C19: Test force | E19: kN | F19: Optional | J19: =EXACT(G19,'Vh5205_C-97'!G19) -> TRUE
A20: 17 | B20: Test info-->Test parameters--> | C20: Preload (Part of the test force) | E20: kN | F20: Mandatory | G20: 0,2 kN (20.4 kg) | H20: * | J20: =EXACT(G20,'Vh5205_C-97'!G20) -> TRUE
A21: 18 | B21: Test info-->Test parameters--> | C21: Other additional information (e.g. if constant stress) | F21: Optional | J21: =EXACT(G21,'Vh5205_C-97'!G21) -> TRUE
A22: 19 | B22: Test info-->Related research outcome--> | C22: Related article(s) available? | F22: Optional | G22: No | H22: * | J22: =EXACT(G22,'Vh5205_C-97'!G22) -> TRUE
A23: 20 | B23: Test info-->Related research outcome--> | C23: DOI Article 1 | F23: Optional | J23: =EXACT(G23,'Vh5205_C-97'!G23) -> TRUE
A24: 21 | B24: Test info-->Related research outcome--> | C24: Short description of content article 1 | F24: Optional | J24: =EXACT(G24,'Vh5205_C-97'!G24) -> TRUE
A25: 22 | B25: Test info-->Related research outcome--> | C25: DOI Article 2 | F25: Optional | J25: =EXACT(G25,'Vh5205_C-97'!G25) -> TRUE
A26: 23 | B26: Test info-->Related research outcome--> | C26: Short description of content article 2 | F26: Optional | J26: =EXACT(G26,'Vh5205_C-97'!G26) -> TRUE
A27: 24 | B27: Test info-->Related research outcome--> | C27: DOI Article n | F27: Optional | J27: =EXACT(G27,'Vh5205_C-97'!G27) -> TRUE
A28: 25 | B28: Test info-->Related research outcome--> | C28: Short description of content article n | F28: Optional | J28: =EXACT(G28,'Vh5205_C-97'!G28) -> TRUE
A29: 26 | B29: Material related-->History and condition of the material--> | C29: (Digital) Material Identifier | F29: Mandatory | G29: CMSX-6 | H29: * | J29: =EXACT(G29,'Vh5205_C-97'!G29) -> TRUE
A30: 27 | B30: Material related-->History and condition of the material-->As-manufactured material--> | C30: Information on phase equilibrium | F30: Optional | J30: =EXACT(G30,'Vh5205_C-97'!G30) -> TRUE
A31: 28 | B31: Material related-->History and condition of the material-->As-manufactured material--> | C31: Type of as-manufactured material (Cast / Ingot / Extrusion rod / …) | F31: Mandatory | G31: Ingot | H31: * | J31: =EXACT(G31,'Vh5205_C-97'!G31) -> TRUE
